stationid,stationname,stationno,lat,lon,nearbusstcnt,nearbusstno,id
9996,"미사","5호선",37.560927,127.193877,8.0,"227509530,227507060,227506970,227000683,227000660,227000514,227000506,227000074",1
9995,"강일","5호선",37.55749,127.17593,7.0,"124900060,124000469,124000461,124000407,124000402,124000368,124000367",2
4929,"김포공항","김포골드라인",37.5621255,126.801804,10.0,"115507770,115507760,115000930,115000928,115000639,115000637,115000617,115000602,115000298,115000297",3
4928,"고촌","김포골드라인",37.601243,126.770345,3.0,"232000562,232000432,232000356",4
4927,"풍무","김포골드라인",37.612488,126.732387,9.0,"232518340,232514320,232513540,232507000,232000864,232000429,232000359,232000325,232000304",5
4926,"사우(김포시청)","김포골드라인",37.620249,126.719731,21.0,"277102469,232519130,232519100,232514260,232514250,232512720,232509740,232508410,232000968,232000769,232000757,232000657,232000575,232000542,232000484,232000480,232000479,232000427,232000426,232000362,232000063",6
4925,"걸포북변","김포골드라인",37.63165,126.705975,10.0,"232001107,232000696,232000695,232000673,232000605,232000330,232000329,232000303,232000078,232000016",7
4924,"운양","김포골드라인",37.653867,126.68393,13.0,"277102734,277102332,232510550,232505260,232000863,232000727,232000726,232000079,232000050,232000048,232000047,232000010,232000004",8
4923,"장기","김포골드라인",37.643986,126.669017,8.0,"232000692,232000691,232000554,232000553,232000541,232000540,232000518,232000517",9
4922,"마산","김포골드라인",37.640732,126.644344,16.0,"232599999,232515850,232515440,232515050,232000919,232000918,232000834,232000832,232000784,232000783,232000781,232000777,232000009,232000008,232000007,232000006",10
4921,"구래","김포골드라인",37.645384,126.628633,12.0,"232517240,232517230,232512570,232511460,232000725,232000724,232000536,232000494,232000488,232000138,232000073,232000027",11
4920,"양촌","김포골드라인",37.642379,126.614309,4.0,"232000452,232000449,232000209,232000206",12
4815,"원시","서해선",37.302371,126.786691,8.0,"217000593,217000584,217000292,217000291,217000290,217000289,217000122,217000005",13
4814,"원곡","서해선",37.31321,126.796261,6.0,"217000716,217000715,217000652,217000530,217000286,217000193",14
4813,"초지","서해선",37.3201325,126.80703,4.0,"217000793,217000792,217000061,217000054",15
4812,"선부","서해선",37.334353,126.809904,11.0,"217000735,217000734,217000668,217000253,217000226,217000225,217000224,217000147,217000146,217000145,217000052",16
4811,"달미","서해선",37.348847,126.809409,4.0,"217000797,217000794,217000630,217000629",17
4810,"시흥능곡","서해선",37.369864,126.808573,10.0,"224001134,224001131,224001084,224001083,224000854,224000853,224000776,224000775,224000583,224000540",18
4809,"시흥시청","서해선",37.382223,126.805625,2.0,"224000586,224000538",19
4808,"신현","서해선",37.409008,126.788017,4.0,"224000592,224000532,224000027,224000025",20
4807,"신천","서해선",37.439066,126.786788,16.0,"224513710,224513700,224510180,224510090,224001054,224000977,224000976,224000972,224000971,224000936,224000935,224000525,224000445,224000347,224000340,224000299",21
4806,"시흥대야","서해선",37.450145,126.793041,15.0,"274000384,224513290,224513000,224001127,224001038,224001037,224000975,224000974,224000873,224000872,224000599,224000455,224000452,224000377,224000374",22
4805,"소새울","서해선",37.468467,126.797252,15.0,"277102376,211000217,211000211,211000183,211000179,211000178,211000167,211000166,211000157,211000152,211000151,211000012,211000011,211000009,211000008",23
4804,"소사","서해선",37.483016,126.7952315,12.0,"211000125,211000124,211000120,211000106,211000016,211000001,210000388,210000312,210000186,210000172,210000098,210000033",24
4713,"신설동","우이신설선",37.57563,127.024269333333,13.0,"105900029,105000553,105000552,105000487,105000486,105000485,105000426,105000077,105000019,105000018,105000008,100000191,100000147",25
4712,"보문","우이신설선",37.58528,127.019366,7.0,"107000230,107000202,107000201,107000200,107000199,107000090,107000089",26
4711,"성신여대입구(돈암)","우이신설선",37.5925395,127.0164785,17.0,"277104575,277104574,107900280,107900259,107900220,107900202,107900096,107900095,107900094,107000210,107000209,107000175,107000174,107000086,107000085,107000008,107000007",27
4710,"정릉","우이신설선",37.603133,127.013396,25.0,"107900325,107900324,107900323,107900322,107900321,107900320,107900272,107900271,107900268,107900263,107000515,107000268,107000266,107000234,107000171,107000170,107000169,107000168,107000162,107000080,107000079,107000030,107000029,107000028,107000027",28
4709,"북한산보국문","우이신설선",37.612072,127.008251,15.0,"107900278,107900243,107900241,107900233,107900133,107900066,107900002,107000519,107000518,107000229,107000228,107000076,107000075,107000074,107000073",29
4708,"솔샘","우이신설선",37.620238,127.013626,14.0,"108900250,108900248,108900155,108900029,108000368,108000367,108000198,108000197,108000138,108000137,108000136,108000135,108000134,108000133",30
4707,"삼양사거리","우이신설선",37.621337,127.020473,11.0,"108900249,108900242,108900238,108000132,108000131,108000083,108000082,108000077,108000076,108000075,108000074",31
4706,"삼양","우이신설선",37.626914,127.018106,11.0,"108900173,108900172,108900128,108900123,108900121,108900079,108900075,108900070,108900065,108000073,108000072",32
4705,"화계","우이신설선",37.634133,127.017511,20.0,"108900231,108900230,108900229,108900228,108900208,108900207,108900205,108900113,108900101,108900081,108000069,108000068,108000055,108000054,108000053,108000052,108000051,108000050,108000047,108000046",33
4704,"가오리","우이신설선",37.641537,127.016789,8.0,"108900236,108900235,108900234,108900233,108900093,108900054,108000035,108000034",34
4703,"4.19민주묘지","우이신설선",37.649502,127.013684,8.0,"109000135,108000370,108000190,108000023,108000022,108000021,108000020,108000019",35
4702,"솔밭공원","우이신설선",37.65603,127.013273,11.0,"109900105,109900102,109900063,109900040,109900037,109900032,109000134,109000133,109000116,109000115,108000018",36
4701,"북한산우이","우이신설선",37.662909,127.012706,18.0,"109000220,108900274,108900216,108900150,108900042,108000385,108000384,108000383,108000382,108000202,108000201,108000199,108000194,108000193,108000016,108000015,108000014,108000013",37
4615,"탑석","의정부선",37.733579,127.088704,13.0,"207511200,207511100,207511090,207000582,207000578,207000577,207000576,207000310,207000243,207000241,207000239,207000119,207000106",38
4614,"송산","의정부선",37.737279,127.087159,12.0,"207900016,207900006,207511340,207511330,207511320,207000581,207000579,207000516,207000515,207000514,207000454,207000243",39
4613,"어룡","의정부선",37.742802,127.085035,12.0,"207511280,207511260,207511030,207511020,207000580,207000251,207000250,207000249,207000147,207000128,207000112,207000111",40
4612,"곤제","의정부선",37.750471,127.083715,6.0,"277103545,277102475,274113262,207512190,207000583,207000505",41
4611,"효자","의정부선",37.754025,127.076902,10.0,"207512070,207512060,207000268,207000267,207000206,207000201,207000182,207000173,207000097,207000096",42
4610,"경기도청북부청사","의정부선",37.75059,127.071495,25.0,"274113260,207510860,207510850,207509460,207506180,207000621,207000554,207000553,207000552,207000551,207000399,207000289,207000288,207000205,207000204,207000203,207000202,207000144,207000143,207000132,207000131,207000099,207000098,207000095,207000094",43
4609,"새말","의정부선",37.748885,127.06362,13.0,"277102814,207510880,207510510,207000481,207000290,207000186,207000169,207000141,207000133,207000102,207000101,207000092,207000091",44
4608,"동오","의정부선",37.745271,127.056947,22.0,"274170126,274000220,274000219,207511360,207511350,207510280,207510270,207508430,207000614,207000613,207000594,207000423,207000240,207000200,207000190,207000187,207000168,207000165,207000164,207000140,207000135,207000134",45
4607,"의정부중앙","의정부선",37.743676,127.049565,13.0,"277102611,207512690,207511590,207509370,207509320,207000588,207000487,207000486,207000455,207000167,207000090,207000033,207000030",46
4606,"흥선","의정부선",37.743302,127.037023,11.0,"207502320,207000510,207000509,207000272,207000271,207000264,207000263,207000222,207000192,207000071,207000035",47
4605,"의정부시청","의정부선",37.739256,127.034781,8.0,"207509350,207509190,207000359,207000223,207000222,207000122,207000071,207000070",48
4604,"경전철의정부","의정부선",37.737202,127.043257,15.0,"207512120,207510780,207510770,207510430,207509660,207507680,207507670,207507660,207507650,207506150,207000600,207000408,207000121,207000120,207000104",49
4603,"범골","의정부선",37.728755,127.04353,15.0,"207512220,207512210,207512150,207512140,207512050,207512040,207512030,207510690,207510680,207510650,207510640,207000327,207000326,207000325,207000324",50
4602,"회룡","의정부선",37.724711,127.0472165,17.0,"207512560,207510620,207510180,207000638,207000637,207000636,207000635,207000634,207000633,207000598,207000329,207000328,207000207,207000069,207000053,207000018,207000004",51
4601,"발곡","의정부선",37.727048,127.052803,7.0,"207512640,207512630,207000502,207000501,207000018,207000017,207000005",52
4517,"전대.에버랜드","에버라인선",37.285342,127.219561,10.0,"228002142,228002141,228001161,228000399,228000398,228000397,228000396,228000392,228000391,228000388",53
4515,"둔전","에버라인선",37.267051,127.21364,12.0,"228002150,228001777,228001719,228001297,228001151,228001150,228001149,228000329,228000328,228000313,228000293,228000278",54
4514,"보평","에버라인선",37.258965,127.218457,2.0,"228001519,228001436",55
4513,"고진","에버라인선",37.24484,127.214251,6.0,"228003105,228002140,228001035,228000435,228000322,228000319",56
4512,"운동장.송담대","에버라인선",37.237845,127.209198,4.0,"228000427,228000418,228000321,228000320",57
4511,"김량장","에버라인선",37.237247,127.198781,8.0,"228001715,228001340,228001339,228001331,228001330,228000564,228000447,228000446",58
4510,"명지대","에버라인선",37.237964,127.190294,9.0,"228508980,228002972,228002138,228001338,228001337,228001333,228001332,228000776,228000748",59
4509,"시청.용인대","에버라인선",37.239151,127.178406,10.0,"277104666,277104651,277101982,228002261,228002099,228001743,228001522,228001365,228000779,228000745",60
4508,"삼가","에버라인선",37.242115,127.168075,10.0,"228525640,228525630,228003116,228003115,228002236,228001808,228001360,228001359,228000781,228000742",61
4506,"초당","에버라인선",37.260752,127.159443,6.0,"242502890,228002134,228000183,228000180,228000175,228000160",62
4505,"동백","에버라인선",37.269043,127.152716,10.0,"277103850,242502670,228003343,228003212,228002079,228002078,228001952,228001951,228000172,228000163",63
4504,"어정","에버라인선",37.274917,127.143714,4.0,"228001329,228001321,228000144,228000143",64
4503,"지석","에버라인선",37.269606,127.136515,14.0,"242502930,242502920,242502060,228521620,228521610,228003355,228003354,228003284,228003053,228002137,228002136,228001147,228000146,228000141",65
4502,"강남대","에버라인선",37.270161,127.126033,16.0,"277102191,242502070,242500980,228518890,228516990,228516600,228511060,228511050,228003285,228003039,228003029,228003012,228002983,228002982,228000694,228000684",66
4501,"기흥","에버라인선",37.275255,127.1162875,14.0,"242501400,242501370,242501360,242501030,228003219,228003217,228003216,228003183,228002259,228000696,228000683,228000682,228000485,228000440",67
4411,"관악산(서울대)","신림선",37.4691018,126.9450639,3.0,"277104695,120000058,120000041",68
4410,"서울대벤처타운","신림선",37.4720019,126.9339351,7.0,"120900128,120900091,120000078,120000063,120000056,120000055,120000044",69
4409,"서원","신림선",37.4782341,126.9330365,9.0,"120900203,120900103,120900100,120900069,120900057,120900048,120900039,120000053,120000046",70
4408,"신림","신림선",37.4845638,126.92966545,16.0,"120900192,120900171,120900170,120900089,120900012,120000421,120000393,120000392,120000241,120000052,120000051,120000048,120000047,120000018,120000009,119000314",71
4407,"당곡","신림선",37.4902998,126.9275133,13.0,"120900167,120900094,120900002,120000391,120000390,120000129,120000128,120000127,120000050,120000049,119900191,119900084,119000303",72
4406,"보라매병원","신림선",37.4929598,126.9234964,8.0,"120900167,120900166,120900002,119900272,119900191,119900087,119900084,119000123",73
4405,"보라매공원","신림선",37.4955691,126.9180827,8.0,"119900302,119900301,119900235,119900234,119900074,119900063,119000004,118000012",74
4404,"보라매","신림선",37.50007295,126.92043175,12.0,"119900308,119900279,119900278,119000051,119000050,119000005,118000578,118000255,118000220,118000219,118000172,118000013",75
4403,"서울지방병무청","신림선",37.5060464,126.9227083,23.0,"119900268,119900146,119900128,119900123,119900042,119900030,119000020,119000019,119000006,118900182,118900170,118900169,118900108,118900103,118900102,118000289,118000288,118000286,118000279,118000278,118000249,118000171,118000014",76
4402,"대방","신림선",37.51332395,126.92605425,17.0,"274000052,274000051,119900186,119900151,119000311,119000310,119000295,119000291,119000022,118000525,118000216,118000215,118000208,118000207,118000169,118000168,118000015",77
4401,"샛강","신림선",37.51718545,126.9289105,9.0,"277101895,274000051,119000311,119000310,118000594,118000592,118000069,118000068,118000066",78
4319,"광교(경기대)","신분당선(연장)",37.30211,127.044483,12.0,"203509600,203509580,203509560,203509250,203509220,203000444,203000442,203000440,203000428,203000425,203000261,203000260",79
4318,"광교중앙(아주대)","신분당선(연장)",37.288617,127.051478,12.0,"203509650,203509640,203000447,203000446,203000400,203000399,203000350,203000349,203000322,203000321,203000267,203000266",80
4317,"상현","신분당선(연장)",37.297664,127.069342,5.0,"228002010,228002009,228002008,203000287,203000286",81
4316,"성복","신분당선(연장)",37.313335,127.0801,12.0,"243502130,228003569,228001788,228001047,228001037,228000896,228000895,228000894,228000891,228000889,228000864,228000857",82
4315,"수지구청","신분당선(연장)",37.322702,127.095026,21.0,"243501450,243501440,243501430,243500110,228003509,228003508,228003507,228003375,228001675,228001052,228000977,228000976,228000975,228000948,228000947,228000946,228000920,228000919,228000913,228000912,228000911",83
4314,"동천","신분당선(연장)",37.337928,127.102976,14.0,"277103068,274113300,243502060,243502040,243501560,243501550,228003562,228003520,228003519,228002295,228002294,228001858,228000981,206000232",84
4313,"미금","신분당선(연장)",37.3500295,127.108914,13.0,"206512280,206511560,206000852,206000785,206000479,206000272,206000267,206000228,206000222,206000095,206000094,206000088,206000087",85
4312,"정자","신분당선",37.366546,127.1082365,11.0,"277104647,206513110,206000908,206000725,206000708,206000304,206000303,206000198,206000189,206000023,206000022",86
4311,"판교","신분당선",37.394761,127.111717,14.0,"206511660,206510900,206510570,206000795,206000778,206000775,206000683,206000682,206000681,206000680,206000679,206000637,206000635,206000233",87
4310,"청계산입구","신분당선",37.447211,127.055664,6.0,"277104178,277104177,121900320,121900319,121000981,121000962",88
4309,"양재시민의숲(매헌)","신분당선",37.470023,127.03842,10.0,"121900324,121900323,121001307,121001306,121000233,121000232,121000222,121000221,121000220,121000217",89
4308,"양재(서초구청)","신분당선",37.484143,127.0342775,21.0,"277104591,277104515,277102430,122900034,122900030,122900029,122000615,121900196,121900081,121900031,121000972,121000971,121000970,121000969,121000214,121000213,121000194,121000054,121000053,121000006,121000003",90
4307,"강남","신분당선",37.4974135,127.028008,24.0,"277102911,277101853,274103255,122900009,122000742,122000732,122000607,122000606,122000184,122000182,122000181,121900203,121900198,121900129,121900088,121000974,121000937,121000921,121000541,121000271,121000262,121000091,121000010,121000009",91
4306,"신논현","신분당선(연장2)",37.504598,127.02506,17.0,"277101814,122000733,122000661,122000183,122000163,122000022,122000021,121900218,121900210,121000943,121000942,121000941,121000940,121000117,121000116,121000096,121000014",92
4305,"논현","신분당선(연장2)",37.511093,127.021415,10.0,"122000023,122000017,122000016,121900246,121000526,121000525,121000115,121000114,121000107,121000016",93
4304,"신사","신분당선(연장2)",37.516334,127.020114,11.0,"122000631,122000617,122000011,122000010,122000009,122000008,121900121,121000948,121000110,121000109,121000015",94
4217,"영종","공항철도1호선",37.51202,126.524254,8.0,"277103434,277103433,274000101,274000100,161000621,161000566,161000561,161000560",95
4215,"인천공항2터미널","공항철도1호선",37.460699,126.441442,0.0,,96
4213,"인천공항1터미널","공항철도1호선",37.447464,126.452508,19.0,"161020571,161010565,161000752,161000613,161000568,161000536,161000535,161000344,161000343,161000326,161000325,161000324,161000204,161000203,161000202,161000032,161000031,161000030,129000083",97
4212,"공항화물청사","공항철도1호선",37.459041,126.477516,0.0,,98
4211,"운서","공항철도1호선",37.492904,126.49379,4.0,"161000309,161000258,161000257,161000242",99
4210,"청라국제도시","공항철도1호선",37.556409,126.624648,1.0,168001267,100
4209,"검암","공항철도1호선",37.568879,126.674847,4.0,"168001214,168001213,168001173,168000675",101
4208,"계양","공항철도1호선",37.5715555,126.73604,6.0,"167000584,167000520,167000461,167000449,167000382,167000381",102
4206,"마곡나루","공항철도1호선",37.5661605,126.827344,11.0,"115900282,115900259,115900254,115900243,115000937,115000936,115000921,115000918,115000899,115000898,115000645",103
4204,"디지털미디어시티","공항철도1호선",37.577004,126.9002265,16.0,"277103097,277103096,277102089,277101674,274115489,113000451,113000450,113000449,113000448,113000447,113000425,113000202,111000229,111000220,111000008,111000007",104
4203,"홍대입구","공항철도1호선",37.5573775,126.92594725,10.0,"113900301,113900300,113900248,113000506,113000504,113000422,113000421,113000414,113000133,112000061",105
4202,"공덕","공항철도1호선",37.5431416,126.9518544,23.0,"113900296,113900290,113900289,113900222,113900118,113900049,113900048,113000502,113000501,113000471,113000470,113000257,113000256,113000255,113000089,113000062,113000061,113000059,113000058,113000052,113000051,113000004,113000003",106
4201,"서울역","공항철도1호선",37.5551806666667,126.971275666667,17.0,"277101742,161000383,161000348,102000104,101900025,101900013,101000263,101000260,101000113,101000013,101000012,101000011,101000007,101000006,101000005,101000004,101000003",107
4138,"중앙보훈병원","9호선(연장)",37.529191,127.148739,7.0,"124900137,124900118,124000446,124000445,124000191,124000190,124000085",108
4137,"둔촌오륜","9호선(연장)",37.519683,127.137989,2.0,"124000087,123000145",109
4136,"올림픽공원(한국체대)","9호선(연장)",37.516235,127.1306055,4.0,"124000353,123000538,123000155,123000154",110
4135,"한성백제","9호선(연장)",37.516404,127.116503,7.0,"123000643,123000642,123000584,123000305,123000151,123000128,123000122",111
4134,"송파나루","9호선(연장)",37.510372,127.112216,8.0,"123000632,123000131,123000125,123000124,123000123,123000108,123000107,123000106",112
4133,"석촌","9호선(연장)",37.5053825,127.106936,8.0,"123000105,123000104,123000092,123000091,123000006,123000005,123000004,123000003",113
4132,"석촌고분","9호선(연장)",37.502558,127.097033,7.0,"123000094,123000090,123000089,123000088,123000081,123000080,123000079",114
4131,"삼전","9호선(연장)",37.504738,127.088025,8.0,"123000346,123000084,123000083,123000078,123000077,123000072,123000071,123000070",115
4130,"종합운동장","9호선(연장)",37.511224,127.0749895,6.0,"277101954,123000647,123000488,123000487,123000065,123000055",116
4129,"봉은사","9호선(연장)",37.514219,127.060245,11.0,"122900018,122900015,122000741,122000728,122000725,122000656,122000090,122000089,122000088,122000087,122000086",117
4128,"삼성중앙","9호선(연장)",37.513011,127.053282,3.0,"122000108,122000107,122000105",118
4127,"선정릉","9호선(연장)",37.510516,127.043838,10.0,"122000734,122000657,122000172,122000171,122000113,122000112,122000110,122000109,122000037,122000036",119
4126,"언주","9호선(연장)",37.507287,127.033868,12.0,"122000727,122000722,122000716,122000694,122000324,122000167,122000166,122000165,122000164,122000045,122000044,122000020",120
4124,"사평","9호선",37.504206,127.015259,6.0,"121900079,121900067,121900066,121900055,121000120,121000119",121
4123,"고속터미널","9호선",37.504746,127.004795666667,16.0,"121900251,121900248,121900201,121900074,121500040,121500030,121001317,121001316,121000977,121000932,121000144,121000143,121000139,121000137,121000020,121000019",122
4122,"신반포","9호선",37.503415,126.995925,6.0,"121900247,121900189,121900053,121001326,121000022,121000021",123
4121,"구반포","9호선",37.501364,126.987332,4.0,"277104627,121000978,121000024,121000023",124
4120,"동작(현충원)","9호선",37.502865,126.97925,13.0,"277103536,277103396,277103395,274195493,274195492,274000065,274000064,119000305,119000304,119000133,119000132,119000041,119000040",125
4119,"흑석(중앙대입구)","9호선",37.50877,126.963708,16.0,"119900326,119900286,119900100,119900045,119900033,119900018,119000280,119000279,119000128,119000103,119000102,119000101,119000035,119000034,119000033,119000032",126
4118,"노들","9호선",37.512887,126.953222,22.0,"277104626,277104625,277103398,274199051,274000053,119900254,119900208,119900185,119900164,119900156,119900134,119900131,119900066,119000300,119000299,119000294,119000290,119000064,119000063,119000029,119000028,119000014",127
4117,"노량진","9호선",37.5138415,126.9418575,11.0,"119900227,119900226,119900149,119900144,119900126,119000134,119000025,119000024,119000012,119000011,119000010",128
4115,"여의도","9호선",37.5217535,126.9241935,3.0,"118000203,118000071,118000070",129
4114,"국회의사당","9호선",37.528105,126.917874,8.0,"118000612,118000564,118000520,118000196,118000048,118000047,118000046,118000044",130
4113,"당산","9호선",37.534176,126.902788,17.0,"118900110,118900067,118900018,118900013,118900001,118000580,118000556,118000502,118000501,118000470,118000469,118000093,118000092,118000091,118000090,118000089,118000087",131
4112,"선유도","9호선",37.53802,126.893525,12.0,"118900163,118900162,118900161,118900133,118900063,118900014,118000339,118000135,118000128,118000127,118000126,118000125",132
4111,"신목동","9호선",37.544277,126.88308,10.0,"114000421,114000420,114000294,114000255,114000252,114000042,114000041,114000040,114000018,114000017",133
4110,"염창","9호선",37.546936,126.874916,10.0,"115900165,115900022,115900019,115900002,115000609,115000560,115000557,115000002,115000001,114000422",134
4109,"등촌","9호선",37.550632,126.865689,7.0,"115900281,115000605,115000076,115000004,114900082,114000399,114000028",135
4108,"증미","9호선",37.557402,126.861939,9.0,"115900048,115900031,115000616,115000615,115000159,115000158,115000157,115000156,115000146",136
4107,"가양","9호선",37.561391,126.854456,14.0,"115900174,115900169,115900154,115900147,115900044,115000890,115000610,115000163,115000162,115000161,115000160,115000040,115000039,115000038",137
4106,"양천향교","9호선",37.568381,126.841333,12.0,"115900130,115900095,115900050,115000256,115000235,115000212,115000173,115000172,115000171,115000130,115000129,115000128",138
4104,"신방화","9호선",37.567532,126.816601,7.0,"115900261,115900253,115000897,115000647,115000642,115000209,115000208",139
4103,"공항시장","9호선",37.563726,126.810678,12.0,"115000634,115000633,115000630,115000608,115000519,115000449,115000025,115000024,115000023,115000022,115000021,115000020",140
4101,"개화","9호선",37.578608,126.798153,6.0,"115000926,115000361,115000321,115000320,115000073,115000072",141
3763,"석남(거북시장)","7호선",37.50621075,126.67624215,10.0,"168000665,168000664,168000603,168000517,168000167,168000165,168000156,168000155,168000154,168000153",142
3762,"산곡","7호선",37.5086,126.7035277,11.0,"166000823,166000723,166000489,166000476,166000473,166000455,166000449,166000429,166000425,166000403,166000401",143
3761,"부평구청","7호선(인천)",37.5080936666667,126.720974666667,17.0,"166000897,166000841,166000839,166000550,166000546,166000542,166000540,166000530,166000529,166000525,166000524,166000492,166000467,166000466,166000465,166000464,166000463",144
3760,"굴포천","7호선(인천)",37.5069035,126.73181,14.0,"277103548,274195414,166000816,166000815,166000814,166000801,166000766,166000722,166000585,166000584,166000578,166000547,166000523,166000522",145
3759,"삼산체육관","7호선(인천)",37.5068255,126.7419715,17.0,"277103547,274107391,210000229,210000228,210000001,166000754,166000753,166000608,166000591,166000589,166000583,166000581,166000575,166000571,166000548,166000541,166000534",146
3758,"상동","7호선(인천)",37.5057975,126.753123,11.0,"277102372,210000328,210000327,210000324,210000255,210000211,210000194,210000193,210000192,210000157,210000009",147
3757,"부천시청","7호선(인천)",37.5045355,126.763589,8.0,"210000488,210000406,210000329,210000166,210000165,210000161,210000043,210000042",148
3756,"신중동","7호선(인천)",37.502934,126.77581,17.0,"210900002,210510930,210510920,210510910,210510900,210506390,210000613,210000612,210000453,210000385,210000384,210000169,210000168,210000164,210000163,210000107,210000105",149
3755,"춘의","7호선(인천)",37.5036565,126.787658,6.0,"210000358,210000345,210000183,210000174,210000080,210000077",150
3754,"부천종합운동장","7호선(인천)",37.5052,126.7969735,10.0,"212000058,212000048,212000001,210000378,210000095,210000079,210000078,210000025,210000024,210000007",151
3753,"까치울","7호선(인천)",37.5061685,126.8109345,6.0,"212000174,212000155,212000105,212000064,210000382,210000380",152
3227,"운연(서창)","인천2호선",37.440127,126.75997,5.0,"165001028,165001027,165000988,165000987,165000955",153
3226,"인천대공원","인천2호선",37.448769,126.752618,6.0,"165000577,165000543,165000442,165000424,165000421,165000419",154
3225,"남동구청","인천2호선",37.448161,126.736939,10.0,"165000814,165000813,165000635,165000554,165000553,165000497,165000354,165000353,165000306,165000304",155
3224,"만수","인천2호선",37.454911,126.732094,15.0,"165000592,165000454,165000452,165000451,165000443,165000440,165000438,165000435,165000431,165000429,165000410,165000408,165000405,165000401,165000390",156
3223,"모래내시장","인천2호선",37.45583,126.719298,11.0,"165000909,165000539,165000538,165000414,165000413,165000384,165000383,165000361,165000360,165000355,165000349",157
3222,"석천사거리","인천2호선",37.456805,126.709986,10.0,"165000747,165000589,165000536,165000535,165000364,165000363,165000359,165000334,165000333,165000320",158
3221,"인천시청","인천2호선",37.457048,126.7017245,7.0,"165000911,165000910,165000810,165000533,165000356,165000340,165000332",159
3220,"석바위시장","인천2호선",37.457611,126.692575,5.0,"163000470,163000415,163000384,163000378,163000377",160
3219,"시민공원(문화창작지대)","인천2호선",37.458335,126.681192,8.0,"163000523,163000522,163000469,163000389,163000387,163000359,163000357,163000344",161
3218,"주안","인천2호선",37.4650195,126.67942,21.0,"163000533,163000471,163000467,163000466,163000446,163000443,163000442,163000427,163000426,163000420,163000418,163000417,163000411,163000410,163000401,163000398,163000396,163000395,163000394,163000393,163000391",162
3217,"주안국가산단","인천2호선",37.473703,126.68113,5.0,"168000757,168000756,168000755,168000754,163000583",163
3216,"가재울","인천2호선",37.484192,126.683673,13.0,"168001303,168000065,168000064,168000062,168000058,168000057,168000055,168000047,168000046,168000041,168000040,168000035,168000034",164
3215,"인천가좌","인천2호선",37.4897,126.675208,5.0,"168000540,168000533,168000063,168000059,168000045",165
3214,"서부여성회관","인천2호선",37.500168,126.675795,12.0,"168000527,168000516,168000146,168000144,168000140,168000138,168000135,168000129,168000121,168000120,168000117,168000115",166
3212,"가정중앙시장","인천2호선",37.517054,126.676672,8.0,"168001204,168001203,168000530,168000234,168000233,168000227,168000219,168000215",167
3211,"가정(루원시티)","인천2호선",37.524649,126.675539,30.0,"168001099,168001098,168001097,168001083,168001082,168001081,168001080,168001079,168001077,168001076,168000982,168000981,168000980,168000947,168000597,168000260,168000258,168000252,168000251,168000250,168000245,168000244,168000243,168000242,168000241,168000240,168000239,168000238,168000237,168000231",168
3210,"서구청","인천2호선",37.543742,126.676787,8.0,"168001261,168001260,168001244,168000312,168000311,168000296,168000289,168000287",169
3209,"아시아드경기장(공촌사거리)","인천2호선",37.5517,126.677122,4.0,"168000608,168000344,168000331,168000330",170
3208,"검바위","인천2호선",37.561405,126.677566,5.0,"168000776,168000359,168000358,168000357,168000356",171
3206,"독정","인천2호선",37.585212,126.675844,10.0,"168000578,168000396,168000394,168000393,168000392,168000391,168000384,168000383,168000381,168000376",172
3205,"완정","인천2호선",37.592928,126.673203,10.0,"168001266,168000673,168000662,168000661,168000651,168000562,168000560,168000559,168000406,168000404",173
3204,"마전","인천2호선",37.597566,126.666998,3.0,"168000542,168000413,168000412",174
3203,"검단사거리","인천2호선",37.60185,126.657108,4.0,"168000434,168000432,168000427,168000426",175
3202,"왕길","인천2호선",37.59518,126.642696,4.0,"168000850,168000849,168000387,168000386",176
3201,"검단오류(검단산업단지)","인천2호선",37.594877,126.627178,6.0,"168001057,168000749,168000733,168000696,168000638,168000637",177
3139,"송도달빛축제공원","인천1호선",37.407143,126.62597,5.0,"164000718,164000717,164000716,164000715,164000698",178
3138,"국제업무지구","인천1호선",37.399907,126.630347,3.0,"164000621,164000620,164000619",179
3137,"센트럴파크","인천1호선",37.393054,126.634729,6.0,"164000613,164000574,164000563,164000515,164000514,164000398",180
3136,"인천대입구","인천1호선",37.386007,126.639484,11.0,"164000612,164000603,164000565,164000523,164000445,164000444,164000402,164000401,164000399,164000394,164000390",181
3135,"지식정보단지","인천1호선",37.378384,126.645168,8.0,"164000447,164000446,164000435,164000404,164000403,164000370,164000353,164000352",182
3134,"테크노파크","인천1호선",37.382268,126.656365,8.0,"165000857,164000732,164000731,164000351,164000005,164000004,164000003,164000002",183
3133,"캠퍼스타운","인천1호선",37.387855,126.661673,6.0,"164000719,164000489,164000436,164000388,164000017,164000016",184
3132,"동막","인천1호선",37.397878,126.674005,9.0,"164000338,164000053,164000050,164000049,164000040,164000039,164000038,164000036,164000035",185
3131,"동춘","인천1호선",37.404737,126.681015,8.0,"165000063,164000364,164000095,164000094,164000091,164000090,164000071,164000066",186
3130,"원인재","인천1호선",37.412691,126.6872585,12.0,"164000598,164000501,164000208,164000206,164000196,164000195,164000194,164000193,164000188,164000187,164000166,164000162",187
3129,"신연수","인천1호선",37.41804,126.693863,13.0,"164000295,164000290,164000281,164000263,164000258,164000257,164000253,164000249,164000247,164000246,164000238,164000237,164000233",188
3128,"선학","인천1호선",37.426684,126.698863,6.0,"164000332,164000309,164000308,164000307,164000306,164000305",189
3127,"문학경기장","인천1호선",37.434935,126.698579,4.0,"164000423,164000329,164000312,163000182",190
3126,"인천터미널","인천1호선",37.442383,126.699706,26.0,"165000595,165000588,165000199,165000197,165000196,165000195,165000194,165000189,165000187,165000186,165000185,165000184,165000183,165000182,165000181,163000513,163000263,163000261,163000260,163000259,163000258,163000254,163000253,163000246,163000245,163000235",191
3125,"예술회관","인천1호선",37.449396,126.701012,9.0,"165000809,165000702,165000596,165000519,165000223,165000222,165000218,165000217,165000208",192
3123,"간석오거리","인천1호선",37.467048,126.707938,4.0,"166000037,166000032,165000869,165000460",193
3122,"부평삼거리","인천1호선",37.477679,126.710208,6.0,"166000887,166000696,166000077,166000074,166000073,165000492",194
3121,"동수","인천1호선",37.485312,126.718247,14.0,"166000921,166000750,166000747,166000746,166000745,166000744,166000739,166000738,166000148,166000141,166000136,166000134,166000126,166000115",195
3120,"부평","인천1호선",37.48999,126.7239795,23.0,"166000865,166000781,166000262,166000261,166000259,166000253,166000246,166000239,166000237,166000234,166000228,166000226,166000225,166000224,166000221,166000218,166000217,166000214,166000213,166000212,166000211,166000209,166000206",196
3119,"부평시장","인천1호선",37.498383,126.722244,10.0,"166000720,166000697,166000416,166000407,166000402,166000399,166000390,166000389,166000368,166000361",197
3117,"갈산","인천1호선",37.517268,126.721514,9.0,"166000777,166000763,166000762,166000748,166000647,166000644,166000622,166000619,166000603",198
3116,"작전","인천1호선",37.530415,126.722527,13.0,"167000545,167000544,167000421,167000411,167000124,167000123,167000095,167000093,167000092,167000082,167000081,167000079,167000073",199
3115,"경인교대입구","인천1호선",37.538157,126.722597,20.0,"167000430,167000429,167000370,167000369,167000201,167000199,167000196,167000176,167000165,167000164,167000163,167000162,167000161,167000157,167000154,167000152,167000148,167000147,167000146,167000145",200
3114,"계산","인천1호선",37.543238,126.728128,19.0,"167000613,167000426,167000289,167000286,167000285,167000276,167000245,167000244,167000243,167000242,167000240,167000239,167000238,167000237,167000236,167000235,167000234,167000233,167000232",201
3113,"임학","인천1호선",37.545059,126.738665,11.0,"167000306,167000304,167000303,167000302,167000301,167000299,167000298,167000297,167000292,167000290,167000280",202
3112,"박촌","인천1호선",37.553703,126.745077,8.0,"167000626,167000569,167000441,167000375,167000374,167000315,167000310,167000309",203
3111,"귤현","인천1호선",37.566379,126.742654,6.0,"167000619,167000618,167000444,167000443,167000341,167000340",204
2828,"남위례","8호선",37.4624,127.13977,7.0,"204000331,204000330,204000233,204000229,204000180,204000068,204000032",205
2827,"모란","8호선",37.432938,127.1294705,19.0,"277104559,277100240,205507870,205007972,205007971,205007883,205000369,205000368,205000280,205000207,205000147,205000135,205000086,205000075,205000069,205000021,205000020,204000334,204000139",206
2826,"수진","8호선",37.437428,127.140722,15.0,"205508550,205508540,205007951,205007950,205000145,205000138,205000002,204507540,204507230,204506600,204000269,204000257,204000243,204000056,204000007",207
2825,"신흥","8호선",37.440918,127.147564,13.0,"205507880,205007884,205000281,205000140,205000081,205000001,204507120,204000348,204000347,204000268,204000248,204000008,204000005",208
2824,"단대오거리","8호선",37.44521,127.156866,20.0,"205508090,205507990,205507890,205007905,205007895,205007885,205000302,205000292,205000282,205000166,205000165,205000143,205000142,205000025,205000024,204000140,204000125,204000065,204000009,204000006",209
2823,"남한산성입구(성남법원.검찰청)","8호선",37.451535,127.159816,10.0,"205506880,205007875,205000272,205000110,205000051,205000050,205000044,204000141,204000138,204000131",210
2822,"산성","8호선",37.457122,127.149908,8.0,"204000103,204000102,204000101,204000084,204000083,204000082,204000080,204000070",211
2821,"복정","8호선",37.4706985,127.126695,23.0,"277104603,277104325,277104239,277103419,277103418,277103266,277102797,274115707,274115701,274113363,274113362,123000661,123000660,123000659,123000437,123000436,123000343,123000329,123000319,123000316,123000249,123000216,123000215",212
2820,"장지","8호선",37.478703,127.126191,11.0,"123000639,123000544,123000512,123000383,123000382,123000361,123000360,123000219,123000218,123000016,123000015",213
2819,"문정","8호선",37.485855,127.1225,7.0,"123900032,123900026,123000515,123000514,123000241,123000240,123000011",214
2818,"가락시장","8호선",37.4925665,127.1180775,11.0,"123000529,123000523,123000352,123000314,123000295,123000294,123000289,123000272,123000245,123000010,123000009",215
2817,"송파","8호선",37.499703,127.112183,7.0,"123900002,123900001,123000540,123000114,123000102,123000008,123000007",216
2815,"잠실(송파구청)","8호선",37.513977,127.1022485,9.0,"123000623,123000611,123000579,123000511,123000046,123000045,123000044,123000043,123000002",217
2814,"몽촌토성(평화의문)","8호선",37.517409,127.112359,9.0,"277101832,123000643,123000610,123000593,123000305,123000151,123000127,123000039,123000038",218
2813,"강동구청","8호선",37.530341,127.120508,11.0,"124900007,124000352,124000233,124000196,124000170,124000169,124000064,123000533,123000376,123000302,123000023",219
2812,"천호(풍납토성)","8호선",37.5383765,127.123281,10.0,"124900084,124000454,124000452,124000063,124000062,124000061,124000030,124000029,123000022,123000017",220
2811,"암사","8호선",37.55021,127.127562,8.0,"124900089,124900079,124900076,124900048,124900032,124900029,124000056,124000055",221
2752,"온수(성공회대입구)","7호선",37.4922625,126.8235545,14.0,"116900055,116900047,116900020,116900011,116000459,116000458,116000457,116000456,116000195,116000194,116000189,116000188,116000099,116000098",222
2751,"천왕","7호선",37.486637,126.838713,18.0,"116900276,116900251,116900244,116900243,116900242,116900155,116900150,116900148,116900113,116900080,116900074,116000606,116000605,116000568,116000565,116000564,116000114,116000113",223
2750,"광명사거리","7호선",37.479252,126.854876,13.0,"249000312,213000396,213000359,213000358,213000249,213000203,213000197,213000196,213000157,213000047,213000046,213000034,213000009",224
2749,"철산","7호선",37.47605,126.867911,14.0,"249000315,213900042,213000347,213000346,213000248,213000241,213000193,213000165,213000129,213000128,213000127,213000123,213000100,129000001",225
2748,"가산디지털단지","7호선",37.4809595,126.8826185,25.0,"117900218,117900205,117900204,117900199,117900140,117900115,117900062,117900055,117900044,117900023,117000926,117000315,117000314,117000299,117000138,117000135,117000124,117000123,117000122,117000023,117000021,117000020,116900304,116900303,116000615",226
2747,"남구로","7호선",37.486056,126.887249,8.0,"116000158,116000153,116000049,116000048,116000047,116000035,116000034,116000033",227
2746,"대림(구로구청)","7호선",37.493128,126.8960035,13.0,"118900189,118900122,118900008,118900002,118000474,118000186,118000185,118000179,116900108,116900094,116000406,116000200,116000029",228
2745,"신풍","7호선",37.50008,126.90993,16.0,"118900125,118900123,118900047,118000608,118000597,118000579,118000577,118000272,118000224,118000223,118000217,118000210,118000164,118000163,118000159,118000156",229
2743,"신대방삼거리","7호선",37.499701,126.928276,18.0,"119900282,119900273,119900270,119900264,119900248,119900225,119900224,119900169,119900093,119900073,119900011,119900004,119000094,119000093,119000055,119000054,119000053,119000052",230
2742,"장승배기","7호선",37.504898,126.93915,21.0,"119900291,119900246,119900229,119900189,119900176,119900172,119900147,119900141,119900138,119900136,119900096,119900035,119900026,119900016,119000105,119000104,119000100,119000060,119000059,119000058,119000056",231
2741,"상도","7호선",37.502834,126.94791,22.0,"119900309,119900284,119900247,119900244,119900243,119900194,119900180,119900112,119900109,119900108,119900090,119900088,119900085,119900031,119900023,119900013,119000068,119000067,119000066,119000065,119000062,119000061",232
2740,"숭실대입구(살피재)","7호선",37.496029,126.953822,7.0,"119900253,119900252,119000140,119000139,119000073,119000072,119000071",233
2739,"남성","7호선",37.484596,126.971251,11.0,"119900280,119900263,119900183,119900077,119900065,119900006,119900001,119000088,119000087,119000086,119000085",234
2738,"이수","7호선",37.485196,126.981605,18.0,"121900258,121900120,121900057,121900024,121000532,121000311,121000304,119900209,119900196,119900184,119900075,119900044,119900022,119000285,119000092,119000091,119000090,119000089",235
2737,"내방","7호선",37.487618,126.993513,15.0,"121900335,121900262,121900261,121900211,121900148,121900059,121900022,121900014,121900006,121001327,121001318,121000309,121000308,121000155,121000154",236
2735,"반포","7호선",37.508178,127.011727,3.0,"121000135,121000018,121000017",237
2733,"학동","7호선",37.514229,127.031656,5.0,"122900036,122000032,122000018,122000015,122000014",238
2732,"강남구청","7호선",37.517324,127.041203,9.0,"122000666,122000665,122000635,122000102,122000076,122000075,122000035,122000028,122000027",239
2731,"청담","7호선",37.519365,127.05335,8.0,"122000740,122000652,122000636,122000084,122000083,122000071,122000070,122000068",240
2730,"뚝섬유원지","7호선",37.53154,127.066704,6.0,"277103552,277103551,104000300,104000171,104000130,104000129",241
2729,"건대입구","7호선",37.5405795,127.070101,12.0,"104000304,104000301,104000258,104000256,104000255,104000170,104000139,104000137,104000136,104000125,104000124,104000111",242
2728,"어린이대공원(세종대)","7호선",37.548014,127.074658,8.0,"104000260,104000259,104000158,104000157,104000141,104000138,104000134,104000133",243
2727,"군자(능동)","7호선",37.5569925,127.0794575,13.0,"104900120,104900039,104000262,104000261,104000161,104000160,104000146,104000145,104000048,104000011,104000010,104000004,104000003",244
2726,"중곡","7호선",37.565923,127.08432,14.0,"104900125,104900087,104900065,104900060,104000274,104000273,104000042,104000040,104000039,104000038,104000033,104000032,104000031,104000022",245
2725,"용마산","7호선",37.573647,127.086727,10.0,"106000444,106000116,106000115,106000114,106000113,106000111,106000092,106000091,106000090,106000089",246
2724,"사가정","7호선",37.580894,127.088478,10.0,"106000470,106000154,106000153,106000152,106000151,106000086,106000085,106000084,106000083,106000082",247
2723,"면목","7호선",37.588579,127.087503,13.0,"106900030,106900020,106900012,106000249,106000228,106000134,106000133,106000132,106000131,106000079,106000078,106000077,106000076",248
2722,"상봉(시외버스터미널)","7호선",37.5961275,127.085378,6.0,"106000073,106000072,106000036,106000034,106000004,106000003",249
2721,"중화","7호선",37.602545,127.079264,13.0,"106900011,106000298,106000297,106000296,106000295,106000161,106000160,106000159,106000158,106000157,106000156,106000014,106000013",250
2720,"먹골","7호선",37.610637,127.077725,9.0,"106000326,106000325,106000288,106000287,106000286,106000285,106000120,106000119,106000009",251
2719,"태릉입구","7호선",37.617816,127.075066,12.0,"110900095,110900094,110000017,110000016,110000008,110000007,110000006,110000005,110000004,110000003,106000278,106000277",252
2718,"공릉(서울과학기술대)","7호선",37.625742,127.072896,15.0,"110900107,110900106,110900105,110900085,110900040,110000696,110000077,110000076,110000065,110000064,110000063,110000062,110000061,110000020,110000002",253
2717,"하계","7호선",37.636352,127.06799,22.0,"110900111,110900110,110900083,110900063,110900028,110900027,110000662,110000661,110000387,110000355,110000354,110000353,110000350,110000347,110000346,110000328,110000327,110000326,110000325,110000324,110000316,110000315",254
2716,"중계","7호선",37.644583,127.064303,13.0,"110000687,110000686,110000685,110000684,110000289,110000288,110000287,110000275,110000274,110000272,110000271,110000269,110000265",255
2715,"노원","7호선",37.655553,127.061869,16.0,"110900130,110900129,110900119,110900118,110900065,110000679,110000671,110000641,110000614,110000155,110000113,110000112,110000111,110000110,110000086,110000085",256
2714,"마들","7호선",37.66494,127.057675,12.0,"110900136,110900134,110900046,110900043,110900009,110000672,110000664,110000177,110000173,110000168,110000091,110000080",257
2713,"수락산","7호선",37.67785,127.055315,14.0,"110900117,110900113,110900035,110900015,110000681,110000670,110000666,110000629,110000107,110000106,110000097,110000096,110000095,110000094",258
2712,"도봉산","7호선",37.6893875,127.046279,10.0,"109900028,109900025,109000408,109000406,109000405,109000402,109000401,109000070,109000002,109000001",259
2711,"장암","7호선",37.700109,127.053196,2.0,"207000285,207000284",260
2649,"신내","6호선",37.6130305,127.1027245,20.0,"277101891,106000480,106000469,106000467,106000455,106000454,106000451,106000450,106000442,106000441,106000437,106000436,106000406,106000319,106000242,106000241,106000240,106000239,106000206,106000205",261
2648,"봉화산(서울의료원)","6호선",37.617283,127.091401,9.0,"277104242,277104241,106000270,106000202,106000201,106000194,106000193,106000191,106000187",262
2647,"화랑대(서울여대입구)","6호선",37.620064,127.084689,9.0,"110000642,110000039,110000018,106000329,106000328,106000272,106000271,106000200,106000199",263
2645,"석계","6호선",37.614702,127.0657645,20.0,"110900092,110900067,110900047,110900044,110000691,110000649,110000379,110000378,110000356,110000184,110000183,110000182,107900337,107900299,107000242,107000241,107000236,107000235,107000057,107000056",264
2644,"돌곶이","6호선",37.610537,127.056431,9.0,"107900356,107000505,107000120,107000119,107000118,107000117,107000053,107000052,107000051",265
2643,"상월곡(한국과학기술연구원)","6호선",37.606377,127.048491,13.0,"107900350,107900345,107900297,107900290,107900227,107900221,107900193,107900013,107000255,107000048,107000047,107000046,107000045",266
2642,"월곡(동덕여대)","6호선",37.601948,127.041518,8.0,"107900347,107900239,107000296,107000177,107000044,107000043,107000042,107000041",267
2641,"고려대(종암)","6호선",37.590508,127.036296,10.0,"107900122,107900121,107900009,107000066,105900002,105000414,105000413,105000089,105000088,105000087",268
2640,"안암(고대병원앞)","6호선",37.586272,127.029005,9.0,"107900206,107900103,107900089,107900080,107000208,107000206,107000205,107000203,107000067",269
2638,"창신","6호선",37.579661,127.015241,16.0,"107900225,107900218,100900210,100900206,100900173,100900163,100900158,100900148,100900093,100900087,100900070,100900060,100900053,100900013,100000143,100000142",270
2637,"동묘앞","6호선",37.572738,127.0160665,17.0,"100900209,100900208,100900205,100000406,100000398,100000366,100000364,100000340,100000339,100000158,100000144,100000140,100000139,100000138,100000137,100000136,100000135",271
2636,"신당","6호선",37.565897,127.01788,4.0,"101000314,101000082,101000081,101000078",272
2635,"청구","6호선",37.560442,127.0138125,6.0,"101000108,101000107,101000088,101000087,101000086,101000085",273
2634,"약수","6호선",37.554565,127.0104495,11.0,"101900018,101900010,101000295,101000294,101000271,101000094,101000093,101000092,101000091,101000090,101000089",274
2633,"버티고개","6호선",37.548013,127.007055,4.0,"101000132,101000131,101000096,101000095",275
2632,"한강진","6호선",37.539631,127.001725,7.0,"277104180,277104179,102000260,102000103,102000102,102000067,102000066",276
2631,"이태원","6호선",37.534488,126.994302,9.0,"102900057,102900055,102900052,102000190,102000189,102000099,102000098,102000097,102000096",277
2630,"녹사평(용산구청)","6호선",37.534675,126.986695,7.0,"102900093,102900064,102900054,102000095,102000093,102000092,102000058",278
2629,"삼각지","6호선",37.5348045,126.973316,6.0,"102900058,102000244,102000234,102000091,102000008,102000007",279
2628,"효창공원앞","6호선",37.538906,126.961797,16.0,"102900073,102900072,102900071,102900029,102900022,102000219,102000218,102000153,102000152,102000151,102000148,102000147,102000088,102000087,102000086,102000085",280
2626,"대흥(서강대앞)","6호선",37.547771,126.942069,18.0,"277102323,113900232,113900226,113900225,113900147,113900142,113900136,113900131,113900081,113900072,113900052,113000472,113000199,113000085,113000084,113000083,113000082,113000040",281
2625,"광흥창(서강)","6호선",37.547456,126.931993,20.0,"113900235,113900234,113900233,113900231,113900191,113900188,113900151,113900110,113900096,113900051,113900043,113900042,113000209,113000146,113000145,113000110,113000109,113000039,113000038,113000037",282
2624,"상수","6호선",37.547716,126.922852,13.0,"113900205,113900202,113900200,113900076,113900069,113900062,113000205,113000140,113000139,113000036,113000035,113000034,113000033",283
2623,"합정","6호선",37.549333,126.913587,12.0,"113900122,113000468,113000424,113000412,113000154,113000153,113000129,113000128,113000127,113000125,113000030,113000029",284
2622,"망원","6호선",37.556094,126.910052,11.0,"113900243,113900194,113900084,113900075,113900068,113000173,113000164,113000160,113000159,113000158,113000157",285
2621,"마포구청","6호선",37.563515,126.903343,7.0,"113000396,113000395,113000105,113000104,113000103,113000012,113000011",286
2620,"월드컵경기장(성산)","6호선",37.569532,126.899298,4.0,"113900210,113900061,113000491,113000072",287
2618,"증산(명지대앞)","6호선",37.583876,126.909645,10.0,"112000202,112000154,112000153,111901148,111901147,111001129,111000490,111000489,111000274,111000086",288
2617,"새절(신사)","6호선",37.591148,126.913629,17.0,"111901152,111901128,111901127,111901119,111901118,111900162,111000488,111000487,111000324,111000240,111000239,111000088,111000081,111000074,111000073,111000070,111000069",289
2616,"구산","6호선",37.611377,126.91727,10.0,"111900122,111900121,111900037,111000118,111000117,111000094,111000093,111000063,111000053,111000052",290
2615,"연신내","6호선",37.6189325,126.9208315,22.0,"111900153,111900152,111900112,111900110,111900109,111900081,111900014,111900012,111000928,111000927,111000555,111000554,111000480,111000479,111000286,111000281,111000115,111000114,111000097,111000096,111000031,111000020",291
2614,"독바위","6호선",37.618456,126.933031,6.0,"111000202,111000201,111000200,111000193,111000192,111000191",292
2613,"불광","6호선",37.610713,126.929605,23.0,"277101948,111901146,111900113,111900106,111900053,111900005,111000933,111000932,111000931,111000482,111000481,111000287,111000280,111000204,111000189,111000165,111000164,111000159,111000158,111000034,111000033,111000018,111000017",293
2612,"역촌","6호선",37.606021,126.922744,10.0,"111900114,111000484,111000483,111000294,111000168,111000167,111000156,111000155,111000065,111000050",294
2611,"응암","6호선",37.598605,126.915577,11.0,"111000486,111000485,111000170,111000153,111000121,111000090,111000079,111000044,111000043,111000042,111000041",295
2566,"하남시청(덕풍-신장)","5호선",37.54205,127.20612,17.0,"227900002,227900001,227508360,227505440,227000675,227000674,227000573,227000492,227000247,227000246,227000244,227000225,227000224,227000139,227000125,227000095,227000031",296
2565,"하남검단산","5호선",37.53972,127.22345,10.0,"227509610,227508230,227508220,227000241,227000240,227000132,227000131,227000080,227000037,227000036",297
2564,"하남풍산","5호선",37.552034,127.203864,14.0,"227509310,227508930,227508380,227507610,227000654,227000630,227000623,227000575,227000522,227000210,227000209,227000208,227000207,227000182",298
2561,"마천","5호선",37.49499,127.152781,9.0,"123000654,123000417,123000203,123000202,123000201,123000196,123000195,123000192,123000189",299
2560,"거여","5호선",37.493105,127.14415,10.0,"123000313,123000312,123000194,123000187,123000186,123000185,123000183,123000182,123000181,123000180",300
2559,"개롱","5호선",37.498079,127.13482,8.0,"123000526,123000367,123000258,123000257,123000177,123000176,123000161,123000160",301
2558,"오금","5호선",37.502093,127.1281285,9.0,"123900019,123900011,123000635,123000634,123000559,123000558,123000527,123000278,123000159",302
2557,"방이","5호선",37.508857,127.126133,8.0,"123000539,123000537,123000175,123000174,123000158,123000141,123000140,123000134",303
2555,"둔촌동","5호선",37.527788,127.136248,11.0,"124900099,124900098,124900097,124900096,124900028,124900016,124900015,124000355,124000354,124000136,124000135",304
2554,"상일동","5호선",37.556712,127.166417,10.0,"124900054,124900017,124000447,124000410,124000066,124000065,124000034,124000033,124000032,124000031",305
2553,"고덕","5호선",37.555004,127.154151,8.0,"124900122,124900121,124000178,124000177,124000077,124000040,124000039,124000038",306
2552,"명일","5호선",37.55137,127.143999,16.0,"124900068,124900047,124900046,124900045,124900009,124900008,124000436,124000435,124000259,124000258,124000156,124000155,124000124,124000123,124000122,124000121",307
2551,"굽은다리(강동구민회관앞)","5호선",37.545477,127.142853,8.0,"124000406,124000405,124000399,124000398,124000128,124000127,124000126,124000125",308
2550,"길동","5호선",37.537801,127.140004,5.0,"124000195,124000194,124000131,124000130,124000129",309
2549,"강동","5호선",37.535804,127.132481,7.0,"124000366,124000357,124000118,124000117,124000116,124000026,124000025",310
2547,"광나루(장신대)","5호선",37.545303,127.10357,14.0,"277102303,104900111,104900109,104900020,104900018,104900013,104900012,104000298,104000297,104000269,104000078,104000077,104000076,104000075",311
2546,"아차산(어린이대공원후문)","5호선",37.551691,127.089761,12.0,"104900096,104900061,104900035,104900034,104900030,104900004,104000287,104000165,104000058,104000046,104000007,104000006",312
2544,"장한평","5호선",37.56144,127.064623,8.0,"105000321,105000166,105000165,105000164,105000070,105000069,105000003,103000003",313
2543,"답십리","5호선",37.566747,127.052704,11.0,"105900046,105900045,105900044,105900043,105900026,105000115,105000114,105000072,105000001,103000119,103000001",314
2542,"마장","5호선",37.5661,127.042973,10.0,"105000455,103900247,103900246,103900203,103900189,103900170,103000169,103000019,103000018,103000017",315
2541,"왕십리(성동구청)","5호선",37.561635,127.037455,21.0,"105000472,105000456,103900281,103900187,103900186,103900172,103900154,103900118,103900116,103900115,103900085,103000293,103000292,103000277,103000276,103000190,103000036,103000035,103000034,103000014,103000013",316
2540,"행당","5호선",37.557322,127.029476,8.0,"103900123,103900121,103900108,103900105,103900038,103900032,103000177,103000176",317
2539,"신금호","5호선",37.554548,127.020331,26.0,"103900267,103900195,103900185,103900184,103900165,103900164,103900163,103900133,103900103,103900102,103900101,103900097,103900068,103900063,103900031,103900026,103900025,103900022,103000288,103000049,103000048,103000047,103000046,103000045,103000044,101900002",318
2537,"동대문역사문화공원","5호선",37.565137,127.007430666667,15.0,"161000363,161000362,101000324,101000297,101000289,101000256,101000255,101000166,101000165,101000130,101000074,101000073,101000072,101000071,101000070",319
2536,"을지로4가","5호선",37.5669735,126.9979245,10.0,"161000350,101000309,101000121,101000067,101000066,101000065,101000064,101000063,100000151,100000080",320
2535,"종로3가","5호선",37.571517,126.991314333333,12.0,"100900066,100900057,100000404,100000403,100000391,100000390,100000335,100000334,100000099,100000098,100000087,100000086",321
2534,"광화문(세종문화회관)","5호선",37.571525,126.97717,20.0,"101000316,100900176,100900175,100000412,100000402,100000385,100000384,100000378,100000374,100000361,100000330,100000178,100000175,100000174,100000095,100000034,100000031,100000030,100000025,100000023",322
2533,"서대문","5호선",37.565773,126.966641,29.0,"277102319,161000601,161000360,161000353,112900175,112900173,112900167,112900165,112900163,112900162,112900142,112900092,112900054,112900047,112900046,112900037,112000403,112000052,101900024,101000305,101000304,101000262,101000248,101000229,101000157,101000020,100900188,100900044,100000368",323
2532,"충정로(경기대입구)","5호선",37.55997,126.963639,19.0,"277102289,112900164,112900117,112900075,112900069,112900062,112900061,112900011,112000437,112000430,112000429,112000367,112000366,112000365,112000170,112000156,112000155,112000054,101000015",324
2531,"애오개","5호선",37.553736,126.95682,5.0,"277102290,113900312,113900149,113000010,113000009",325
2529,"마포","5호선",37.539574,126.945932,17.0,"113900303,113900224,113900211,113900168,113900139,113900125,113900116,113900102,113900093,113900038,113000383,113000353,113000152,113000151,113000042,113000002,113000001",326
2528,"여의나루","5호선",37.527098,126.932901,7.0,"118000613,118000609,118000604,118000504,118000075,118000055,118000054",327
2526,"신길","5호선",37.5172425,126.916352,5.0,"118000563,118000558,118000516,118000194,118000140",328
2525,"영등포시장","5호선",37.522669,126.905139,7.0,"118000530,118000468,118000464,118000037,118000036,118000035,118000019",329
2524,"영등포구청","5호선",37.524953,126.89582,8.0,"118900091,118900086,118900049,118000517,118000510,118000084,118000083,118000082",330
2523,"양평","5호선",37.509171,127.188983,0.0,,331
2522,"오목교(목동운동장앞)","5호선",37.524496,126.875181,13.0,"114900078,114900010,114000428,114000409,114000408,114000161,114000158,114000070,114000067,114000065,114000064,114000061,114000059",332
2521,"목동","5호선",37.526065,126.864931,11.0,"114900033,114000369,114000368,114000182,114000181,114000169,114000167,114000162,114000155,114000151,114000057",333
2520,"신정(은행정)","5호선",37.524997,126.856191,4.0,"114000437,114000436,114000184,114000171",334
2519,"까치산","5호선",37.531768,126.846683,15.0,"115900225,115900224,115900223,115900068,115900063,115900024,115000945,115000095,115000094,115000092,115000091,115000090,115000089,115000088,115000087",335
2518,"화곡","5호선",37.541513,126.840461,14.0,"277102167,115900177,115900176,115900036,115900028,115000638,115000604,115000111,115000110,115000109,115000108,115000107,115000051,115000049",336
2517,"우장산","5호선",37.548768,126.836318,11.0,"115900197,115900195,115900124,115900086,115900082,115000646,115000259,115000253,115000117,115000116,115000114",337
2516,"발산","5호선",37.558598,126.837668,20.0,"115900190,115900184,115900136,115900135,115900087,115900083,115000939,115000893,115000594,115000518,115000315,115000284,115000239,115000228,115000123,115000122,115000121,115000120,115000016,115000015",338
2515,"마곡","5호선",37.560183,126.825448,14.0,"115900274,115900273,115900256,115900255,115900242,115000947,115000946,115000938,115000901,115000900,115000896,115000895,115000309,115000308",339
2514,"송정","5호선",37.561184,126.811973,15.0,"115000634,115000633,115000630,115000608,115000521,115000519,115000449,115000316,115000295,115000272,115000229,115000022,115000021,115000020,115000019",340
2512,"개화산","5호선",37.572399,126.806171,4.0,"115000191,115000190,115000189,115000069",341
2511,"방화","5호선",37.577446,126.812741,12.0,"115900203,115900202,115900162,115900160,115900158,115900007,115000217,115000216,115000037,115000036,115000035,115000034",342
1958,"대화","일산선",37.676087,126.747569,9.0,"277104414,277104413,277104412,274114413,241500790,219001132,219000366,219000193,219000132",343
1957,"주엽","일산선",37.670072,126.761334,5.0,"219000526,219000481,219000480,219000363,219000189",344
1956,"정발산","일산선",37.659477,126.773359,14.0,"219514700,219513920,219513900,219513030,219513020,219001077,219001001,219001000,219000957,219000956,219000357,219000356,219000191,219000010",345
1955,"마두","일산선",37.652206,126.77762,7.0,"219514720,219514710,219001079,219001078,219000702,219000383,219000370",346
1954,"백석","일산선",37.643114,126.78787,25.0,"219900005,219514220,219514090,219514080,219514070,219514050,219514040,219514020,219514010,219513860,219513850,219001179,219001029,219001014,219001011,219001010,219000996,219000995,219000572,219000446,219000368,219000329,219000162,219000161,219000015",347
1953,"대곡","일산선",37.631626,126.811024,4.0,"218515570,218001236,218000202,218000012",348
1952,"화정","일산선",37.634592,126.83265,24.0,"218515460,218513500,218512310,218512300,218511420,218511250,218511240,218500060,218500050,218001359,218001225,218001149,218001046,218001045,218000990,218000975,218000974,218000731,218000730,218000511,218000203,218000099,218000019,129000204",349
1951,"원당","일산선",37.653324,126.843041,10.0,"218512770,218511580,218001083,218001004,218000283,218000282,218000267,218000115,218000114,218000095",350
1950,"삼송","일산선",37.653083,126.895558,15.0,"218516560,218514040,218512910,218511870,218510130,218001280,218001200,218000627,218000365,218000364,218000286,218000284,218000223,218000218,218000090",351
1949,"지축","일산선",37.648025,126.9139435,6.0,"218513810,218511000,218001179,218001172,218001171,218000952",352
1948,"원흥","일산선",37.650658,126.872642,15.0,"218515960,218513850,218507240,218507230,218505840,218001334,218001265,218001183,218001052,218000702,218000698,218000697,218000696,218000695,218000331",353
1916,"소요산","경원선",37.9481,127.061034,6.0,"277102703,215000434,215000221,215000220,215000062,215000047",354
1915,"동두천","경원선",37.927878,127.05479,5.0,"277101810,215000263,215000260,215000053,215000033",355
1914,"보산","경원선",37.913702,127.057277,6.0,"215000245,215000152,215000058,215000057,215000029,215000028",356
1913,"동두천중앙","경원선",37.901885,127.056482,18.0,"215508650,215508560,215508250,215508240,215508160,215508150,215508140,215000413,215000412,215000408,215000407,215000362,215000124,215000088,215000087,215000082,215000046,215000004",357
1912,"지행","경원선",37.892334,127.055716,22.0,"215508660,215508230,215507440,215506820,215506810,215000416,215000411,215000398,215000385,215000384,215000383,215000374,215000370,215000201,215000170,215000169,215000168,215000070,215000042,215000037,215000036,215000007",358
1911,"덕정","경원선",37.843188,127.061277,4.0,"235506970,235000133,235000117,235000091",359
1910,"덕계","경원선",37.818486,127.056486,10.0,"277101699,235523130,235522940,235000925,235000924,235000923,235000592,235000568,235000383,235000107",360
1909,"양주","경원선",37.774381,127.044708,17.0,"235522470,235522460,235522450,235522440,235514290,235016150,235016149,235016148,235016147,235015803,235001649,235001648,235001647,235001646,235001315,235000245,235000242",361
1908,"녹양","경원선",37.75938,127.042292,15.0,"207509540,207000479,207000475,207000474,207000473,207000472,207000390,207000362,207000344,207000341,207000312,207000311,207000304,207000026,207000024",362
1907,"가능","경원선",37.748577,127.044213,14.0,"207509860,207509850,207000605,207000604,207000459,207000458,207000434,207000219,207000218,207000217,207000198,207000077,207000029,207000021",363
1906,"의정부","경원선",37.738415,127.045958,12.0,"277102662,207512660,207510780,207510770,207507680,207507670,207000408,207000309,207000269,207000266,207000151,207000120",364
1904,"망월사","경원선",37.709914,127.047455,12.0,"207512000,207511990,207511980,207511970,207511950,207000567,207000494,207000493,207000418,207000305,207000064,207000057",365
1902,"도봉","경원선",37.679563,127.045595,16.0,"109900155,109900151,109900150,109900070,109900065,109900051,109900034,109900030,109900014,109000072,109000071,109000026,109000025,109000024,109000006,109000005",366
1901,"방학","경원선",37.667503,127.044273,17.0,"109900121,109900119,109900118,109900087,109900015,109900013,109000208,109000051,109000050,109000049,109000048,109000030,109000029,109000020,109000019,109000010,109000009",367
1891,"인천","수인선",37.476241,126.6170635,10.0,"161000216,161000194,161000193,161000190,161000189,161000174,161000173,161000172,161000170,161000166",368
1890,"신포","수인선",37.46874,126.623853,9.0,"161000808,161000793,161000792,161000791,161000370,161000369,161000154,161000153,161000149",369
1889,"숭의","수인선",37.460789,126.638297,14.0,"163000561,163000479,163000276,163000273,163000206,163000198,163000197,163000195,163000194,161000799,161000797,161000555,161000135,161000133",370
1888,"인하대","수인선",37.448493,126.649619,14.0,"163000611,163000602,163000598,163000596,163000595,163000594,163000592,163000591,163000590,163000589,163000588,163000550,163000127,163000122",371
1886,"송도","수인선",37.428514,126.657772,0.0,,372
1885,"연수","수인선",37.417804,126.67894,15.0,"164000587,164000586,164000573,164000572,164000507,164000506,164000503,164000502,164000252,164000251,164000250,164000248,164000216,164000214,164000205",373
1883,"남동인더스파크","수인선",37.407722,126.695216,5.0,"165001048,165001041,165000085,165000076,165000074",374
1882,"호구포","수인선",37.401637,126.708627,13.0,"165001056,165001040,165000971,165000678,165000677,165000676,165000674,165000630,165000627,165000626,165000625,165000624,165000565",375
1881,"인천논현","수인선",37.400614,126.722478,11.0,"165001038,165001037,165001036,165001035,165000638,165000623,165000622,165000614,165000613,165000089,165000088",376
1880,"소래포구","수인선",37.40095,126.733522,20.0,"165001063,165000824,165000780,165000766,165000765,165000742,165000710,165000709,165000698,165000648,165000647,165000618,165000617,165000616,165000615,165000601,165000122,165000120,165000118,165000117",377
1879,"월곶","수인선",37.391769,126.742699,7.0,"224000920,224000867,224000866,224000448,224000122,224000098,224000093",378
1878,"달월","수인선",37.379681,126.745177,0.0,,379
1877,"사리","수인선",37.28998,126.85685,10.0,"216000747,216000355,216000334,216000309,216000245,216000214,216000209,216000168,216000167,216000136",380
1876,"야목","수인선",37.264179,126.879483,10.0,"233531380,233002530,233001274,233001273,233001061,233000537,233000532,233000265,233000174,233000173",381
1875,"어천","수인선",37.250102,126.90879,16.0,"233535850,233531270,233531260,233531250,233531240,233507350,233003009,233003008,233003007,233002529,233001833,233001276,233000844,233000842,233000180,233000179",382
1874,"오목천","수인선",37.24304,126.963676,4.0,"201000167,201000166,201000165,201000164",383
1873,"고색","수인선",37.24963,126.980248,3.0,"201000578,201000023,201000018",384
1872,"매교","분당선",37.265481,127.015678,13.0,"202508020,202000227,202000226,202000167,202000103,202000102,202000101,201510050,201000571,201000288,201000287,201000269,201000113",385
1871,"수원시청","분당선",37.261911,127.030736,8.0,"277102676,202000027,202000021,202000020,202000010,202000003,201000205,201000156",386
1870,"매탄권선","분당선",37.252759,127.040566,3.0,"203000102,203000101,201000204",387
1869,"망포","분당선",37.245795,127.057353,12.0,"274160370,203000358,203000346,203000345,203000245,203000150,203000146,203000140,203000132,203000124,203000015,203000009",388
1868,"영통","분당선",37.251568,127.071394,13.0,"203508900,203507910,203500040,203500030,203000410,203000408,203000407,203000354,203000156,203000136,203000135,203000074,203000018",389
1867,"청명","분당선",37.259489,127.078934,6.0,"203000363,203000122,203000121,203000106,203000076,203000075",390
1866,"상갈","분당선",37.26181,127.108847,6.0,"228002101,228002100,228000799,228000798,228000797,228000796",391
1864,"신갈","분당선",37.286102,127.111313,18.0,"242501290,242501280,242501270,242500970,242500960,242500900,228523810,228003209,228003208,228003207,228003179,228003178,228003172,228003080,228001785,228000823,228000820,228000805",392
1863,"구성","분당선",37.298969,127.105664,20.0,"242500760,242500750,228523240,228521050,228520500,228511920,228511820,228003158,228003157,228003075,228003047,228003046,228002985,228002984,228002113,228001381,228001134,228001133,228001094,228001093",393
1862,"죽전","분당선",37.324753,127.107395,9.0,"243501890,243501390,228508450,228003551,228003503,228002971,228001055,228001029,228001028",394
1861,"보정","분당선",37.312752,127.108196,15.0,"242500550,242500540,242500530,228514650,228514460,228506900,228003136,228003135,228002996,228002995,228002962,228001138,228001137,228001090,228001089",395
1860,"이매","분당선",37.395013,127.1280335,10.0,"206508610,206000762,206000688,206000687,206000227,206000103,206000079,206000054,206000053,206000027",396
1859,"오리","분당선",37.339824,127.108942,14.0,"277102558,277102470,274116820,206512790,206511320,206000898,206000709,206000514,206000460,206000405,206000215,206000170,206000091,206000040",397
1856,"수내","분당선",37.378455,127.114322,8.0,"206512140,206512130,206511920,206000840,206000839,206000818,206000296,206000278",398
1855,"서현","분당선",37.385126,127.123592,11.0,"206500040,206000755,206000645,206000618,206000436,206000435,206000299,206000250,206000102,206000080,206000026",399
1854,"야탑","분당선",37.411185,127.128715,18.0,"277101637,206511550,206511540,206511530,206000784,206000783,206000782,206000756,206000529,206000258,206000252,206000159,206000158,206000157,206000156,206000108,206000107,206000074",400
1852,"태평","분당선",37.440019,127.127709,21.0,"277104602,277104601,205507700,205505150,205007882,205007873,205000279,205000270,204508080,204507590,204000304,204000275,204000262,204000220,204000219,204000099,204000086,204000067,204000066,204000019,204000011",401
1851,"가천대","분당선",37.448605,127.126697,9.0,"277104607,277104606,204507660,204507560,204000259,204000110,204000092,204000091,204000021",402
1848,"압구정로데오","분당선",37.527381,127.040534,5.0,"122000730,122000729,122000058,122000057,122000056",403
1847,"서울숲","분당선",37.543617,127.044707,15.0,"103900265,103900264,103900263,103900250,103900249,103900248,103000511,103000164,103000163,103000085,103000080,103000079,103000078,103000077,103000076",404
1846,"수원","분당선",37.2661325,126.9994915,39.0,"277103689,277103688,277103125,277103123,274135516,274114747,202508200,202507470,202507430,202507410,202507400,202000262,202000225,202000219,202000208,202000182,202000123,202000120,202000119,202000106,202000105,202000088,201000598,201000597,201000596,201000595,201000594,201000593,201000592,201000591,201000590,201000589,201000588,201000587,201000309,201000300,201000299,201000286,201000272",405
1823,"도화","경인선",37.46607,126.668672,9.0,"163000674,163000628,163000406,163000404,163000403,163000399,163000397,163000392,163000390",406
1822,"중동","경인선",37.486562,126.764843,8.0,"211000099,211000006,210000547,210000368,210000282,210000259,210000224,210000099",407
1817,"도원","경인선",37.468446,126.642706,7.0,"162000179,162000178,162000170,162000169,162000166,162000015,162000011",408
1816,"간석","경인선",37.464737,126.694181,11.0,"165000835,165000834,165000807,165000806,165000418,165000416,165000387,165000370,165000368,165000341,163000428",409
1815,"부개","경인선",37.488418,126.74109,19.0,"277104551,277103082,210400057,210400056,210000634,210000633,210000475,166000771,166000700,166000370,166000367,166000311,166000301,166000293,166000277,166000268,166000267,166000256,166000255",410
1813,"구일","경인선",37.496756,126.870793,5.0,"116900256,116900255,116900126,116900002,116000651",411
1811,"동인천","경인선",37.475276,126.632802,14.0,"162000137,162000136,162000135,162000134,162000039,162000037,162000034,162000025,162000020,162000019,162000016,162000014,162000013,161000517",412
1810,"제물포","경인선",37.466769,126.656666,17.0,"163000633,163000632,163000502,163000483,163000375,163000368,163000364,163000363,163000352,163000351,163000350,163000349,163000348,163000347,163000345,163000343,163000332",413
1808,"동암","경인선",37.471408,126.702896,16.0,"166000864,166000863,166000859,166000060,166000039,166000031,166000027,166000026,166000025,166000024,166000023,166000021,166000019,166000018,166000017,166000016",414
1807,"백운","경인선",37.483664,126.707704,17.0,"166000901,166000788,166000737,166000716,166000112,166000105,166000103,166000098,166000097,166000094,166000090,166000088,166000087,166000085,166000084,166000083,166000081",415
1805,"송내","경인선",37.4876,126.753664,16.0,"277102721,277101754,277101656,211000290,211000269,211000095,211000050,211000049,211000046,210000570,210000569,210000568,210000537,210000472,210000159,210000050",416
1804,"부천","경인선",37.48405,126.782686,14.0,"277102363,277102360,211000232,211000139,211000112,211000111,211000104,211000083,211000060,211000002,210000481,210000465,210000339,210000184",417
1803,"역곡","경인선",37.485178,126.811502,19.0,"211000130,211000118,211000074,211000069,210509620,210000587,210000484,210000418,210000417,210000416,210000415,210000414,210000410,210000307,210000306,210000299,210000298,210000280,210000018",418
1802,"오류동","경인선",37.494526,126.845365,7.0,"116900279,116900277,116900096,116000086,116000085,116000084,116000083",419
1801,"개봉","경인선",37.494594,126.85968,13.0,"116900281,116900240,116900239,116900127,116900107,116900097,116000610,116000609,116000455,116000454,116000143,116000010,116000009",420
1763,"수리산","안산선",37.349801,126.925365,12.0,"225508610,225508600,225508590,225508580,225000398,225000397,225000396,225000395,225000144,225000143,225000138,225000050",421
1762,"오이도","안산선",37.362357,126.738714,2.0,"224000195,224000163",422
1761,"정왕","안산선",37.351735,126.742989,6.0,"277102224,277101755,224000907,224000906,224000837,224000023",423
1760,"신길온천","안산선",37.338212,126.765844,1.0,217000667,424
1759,"안산","안산선",37.327082,126.788532,7.0,"274113442,217000628,217000626,217000301,217000219,217000174,217000021",425
1757,"고잔","안산선",37.316784,126.823144,4.0,"217000624,217000524,217000466,217000139",426
1756,"중앙","안산선",37.315941,126.838573,8.0,"277102646,277101917,217512000,217511990,217000273,217000264,217000140,217000113",427
1755,"한대앞","안산선",37.309689,126.85344,11.0,"277103607,216509580,216509570,216000722,216000698,216000114,216000079,216000038,216000037,216000034,216000033",428
1754,"상록수","안산선",37.302795,126.866489,9.0,"216000281,216000207,216000145,216000138,216000122,216000107,216000106,216000087,216000086",429
1753,"반월","안산선",37.312212,126.903524,4.0,"216000335,216000322,216000310,216000150",430
1752,"대야미","안산선",37.328467,126.917332,15.0,"225507650,225507640,225507630,225507620,225507590,225507470,225000307,225000304,225000240,225000204,225000199,225000198,225000190,225000189,225000188",431
1751,"산본","안산선",37.358101,126.933274,7.0,"225000149,225000134,225000116,225000089,225000052,225000048,225000047",432
1750,"광명","경부선",37.416182,126.884466,19.0,"213508930,213507960,213000489,213000488,213000487,213000486,213000484,213000482,213000481,213000412,213000408,213000406,213000405,213000393,213000286,213000255,213000231,213000216,213000145",433
1749,"서동탄","경부선",37.195504,127.051672,3.0,"277101822,233002343,223000315",434
1729,"당정","경부선",37.344285,126.948345,20.0,"225507940,225507800,225507790,225507760,225507750,225507730,225000441,225000440,225000436,225000331,225000317,225000315,225000313,225000312,225000310,225000234,225000161,225000074,225000066,225000008",435
1728,"천안","경부선",36.810005,127.146826,0.0,,436
1727,"두정","경부선",36.833705,127.14896,0.0,,437
1726,"직산","경부선",36.870593,127.143904,0.0,,438
1725,"성환","경부선",36.916076,127.126964,0.0,,439
1724,"평택","경부선",36.990726,127.085159,17.0,"214521160,214520920,214520910,214002013,214002012,214001507,214001436,214001352,214000839,214000813,214000641,214000638,214000630,214000628,214000596,214000595,214000356",440
1723,"지제","경부선",37.0188,127.070444,5.0,"277100341,214002102,214002018,214000622,214000604",441
1722,"서정리","경부선",37.056496,127.052819,10.0,"214001696,214001368,214001136,214000916,214000793,214000614,214000613,214000612,214000475,214000473",442
1721,"송탄","경부선",37.075696,127.054301,9.0,"214522160,214522150,214001845,214001844,214001593,214001505,214000492,214000482,214000481",443
1720,"진위","경부선",37.109447,127.062278,5.0,"214523360,214001964,214001159,214000513,214000506",444
1719,"오산","경부선",37.145885,127.06672,19.0,"277104534,277104533,277104530,223509870,223509470,223500030,223500010,223000541,223000540,223000539,223000538,223000537,223000491,223000475,223000473,223000212,223000126,223000100,223000091",445
1718,"오산대","경부선",37.168953,127.063197,8.0,"277104525,223000438,223000417,223000370,223000369,223000277,223000055,223000045",446
1717,"세마","경부선",37.187533,127.04318,13.0,"277104528,277104527,223000392,223000391,223000346,223000345,223000344,223000343,223000342,223000324,223000288,223000166,223000165",447
1716,"병점","경부선",37.207503,127.032731,12.0,"277102693,233509010,233002537,233002064,233002063,233000950,233000708,233000703,233000702,233000701,233000696,233000695",448
1715,"세류","경부선",37.245025,127.013222,4.0,"201000356,201000203,201000202,201000052",449
1714,"독산","경부선",37.466613,126.889249,10.0,"117900153,117900148,117900147,117900113,117900085,117900002,117900001,117000225,117000182,117000181",450
1712,"화서","경부선",37.283862,126.989627,7.0,"202000240,202000235,202000095,202000090,202000089,200000216,200000211",451
1711,"성균관대","경부선",37.300349,126.97075,26.0,"200509090,200508770,200508730,200508720,200508710,200508700,200508570,200000431,200000402,200000398,200000397,200000396,200000395,200000382,200000304,200000290,200000285,200000251,200000161,200000160,200000104,200000069,200000031,200000027,200000026,200000025",452
1710,"의왕","경부선",37.320852,126.948217,10.0,"226508550,226508540,226000369,226000368,226000161,226000160,226000100,226000099,226000080,226000079",453
1709,"군포","경부선",37.35356,126.948462,12.0,"225509130,225509120,225509080,225508840,225000418,225000280,225000279,225000275,225000254,225000117,225000112,225000058",454
1708,"금정","경부선",37.372215,126.943423,15.0,"277101721,225508770,225508760,225505390,225000460,225000270,225000269,225000195,225000156,225000127,225000126,225000115,225000016,225000011,225000007",455
1707,"명학","경부선",37.384653,126.935433,20.0,"208508610,208508440,208508430,208507870,208507860,208507610,208000321,208000320,208000312,208000286,208000285,208000283,208000281,208000280,208000171,208000128,208000119,208000085,208000080,208000004",456
1706,"안양","경부선",37.401592,126.922874,20.0,"208508160,208508150,208508140,208508130,208500020,208500010,208000350,208000349,208000348,208000347,208000327,208000289,208000288,208000244,208000069,208000068,208000067,208000064,208000044,208000010",457
1705,"관악","경부선",37.419232,126.908706,13.0,"277104406,277102749,208507800,208507670,208000130,208000118,208000092,208000091,208000047,208000041,208000039,208000034,208000018",458
1704,"석수","경부선",37.435047,126.902295,8.0,"208000255,208000037,117900181,117900180,117000321,117000310,117000084,117000015",459
1703,"금천구청","경부선",37.455626,126.89398,10.0,"117900223,117900222,117900167,117900122,117900066,117900054,117900042,117900022,117900016,117000930",460
1701,"구로","경부선",37.503039,126.881966,16.0,"116900217,116900115,116900045,116000608,116000586,116000417,116000391,116000163,116000162,116000161,116000069,116000068,116000061,116000060,116000059,116000004",461
1511,"여주","경강선",37.282308,127.628816,3.0,"237001358,237001357,237001007",462
1510,"세종대왕릉","경강선",37.295309,127.570938,5.0,"237001442,237001329,237001328,237001028,237001027",463
1509,"부발","경강선",37.260192,127.490277,3.0,"230001393,230001151,230001150",464
1508,"이천","경강선",37.265579,127.44226,2.0,"230001276,230001210",465
1507,"신둔도예촌","경강선",37.317185,127.40476,7.0,"230001554,230001553,230001038,230000631,230000313,230000311,230000310",466
1506,"곤지암","경강선",37.351315,127.34674,5.0,"277101651,234001261,234001162,234001160,234000894",467
1505,"초월","경강선",37.374419,127.299,4.0,"234000976,234000364,234000337,234000336",468
1504,"경기광주","경강선",37.399907,127.25263,8.0,"234001204,234001203,234001173,234001172,234001171,234001170,234000323,234000319",469
1503,"삼동","경강선",37.409522,127.20336,8.0,"234001169,234001168,234001167,234001165,234000843,234000842,234000063,234000024",470
1457,"범계","과천선",37.389793,126.950806,21.0,"277103104,277101779,209584900,209508710,209507700,209500010,209000397,209000395,209000394,209000304,209000277,209000135,209000131,209000109,209000095,209000094,209000090,209000083,209000018,209000017,209000016",471
1456,"평촌","과천선",37.394287,126.963883,13.0,"209507690,209507350,209507210,209000396,209000351,209000303,209000295,209000286,209000231,209000107,209000098,209000075,209000054",472
1455,"인덕원","과천선",37.401553,126.976715,6.0,"209000152,209000151,209000142,209000116,209000032,209000031",473
1454,"정부과천청사","과천선",37.426513,126.98978,12.0,"220506100,220506090,220505370,220505320,220000068,220000057,220000054,220000053,220000025,220000013,220000005,220000004",474
1453,"과천","과천선",37.433021,126.996568,10.0,"220505920,220505910,220505850,220000103,220000102,220000099,220000023,220000022,220000007,220000006",475
1452,"대공원","과천선",37.435675,127.006523,0.0,,476
1451,"경마공원","과천선",37.443885,127.007888,4.0,"220506120,220505580,220000113,220000088",477
1450,"선바위","과천선",37.451673,127.002303,8.0,"274115888,274115887,220505820,220505630,220000097,220000058,220000018,220000011",478
1408,"신창(순천향대)","장항선",36.769502,126.951108,0.0,,479
1407,"온양온천","장항선",36.780483,127.003249,0.0,,480
1405,"배방","장항선",36.777629,127.052991,0.0,,481
1404,"탕정","장항선",36.78866,127.08485,0.0,,482
1403,"아산","장항선",36.792053,127.104361,1.0,288500140,483
1402,"쌍용(나사렛대)","장항선",36.793759,127.1214,0.0,,484
1401,"봉명","장항선",36.801215,127.135763,0.0,,485
1329,"춘천","경춘선",37.885054,127.717023,2.0,"250500190,250500010",486
1328,"남춘천","경춘선",37.864007,127.723792,0.0,,487
1327,"김유정","경춘선",37.818466,127.71434,0.0,,488
1326,"강촌","경춘선",37.805723,127.634146,0.0,,489
1325,"백양리","경춘선",37.830779,127.58933,0.0,,490
1324,"굴봉산","경춘선",37.832067,127.557695,0.0,,491
1323,"가평","경춘선",37.814536,127.510739,3.0,"239000941,239000822,239000818",492
1322,"상천","경춘선",37.770246,127.454821,4.0,"239000958,239000957,239000956,239000936",493
1321,"청평","경춘선",37.735488,127.42661,3.0,"277102134,239000903,239000902",494
1320,"대성리","경춘선",37.684071,127.379319,2.0,"239000218,239000215",495
1319,"마석","경춘선",37.652782,127.311767,6.0,"222001453,222001452,222000742,222000012,222000011,222000010",496
1318,"천마산","경춘선",37.658978,127.285379,10.0,"277102678,222001907,222001708,222001707,222001706,222001705,222001628,222001625,222001198,222000191",497
1317,"평내호평","경춘선",37.653225,127.244493,9.0,"222900003,222001310,222001309,222000324,222000175,222000174,222000171,222000170,222000168",498
1316,"금곡","경춘선",37.637382,127.207853,4.0,"222000398,222000397,222000382,222000381",499
1315,"사릉","경춘선",37.65108,127.176933,7.0,"277101966,222001575,222001432,222001431,222000980,222000496,222000495",500
1314,"퇴계원","경춘선",37.648311,127.143952,11.0,"222001085,222001066,222000580,222000579,222000568,222000295,222000294,222000293,222000285,222000284,222000283",501
1313,"별내","경춘선",37.64202,127.12684,6.0,"222001938,222001937,222001540,222001539,221000156,221000123",502
1312,"갈매","경춘선",37.634118,127.114757,9.0,"277104487,277104486,277102939,277102496,221508310,221000374,221000217,221000154,221000125",503
1286,"운천","경의중앙선",37.879942,126.769999,2.0,"229000186,229000183",504
1285,"임진강","경의중앙선",37.888421,126.746765,7.0,"277103937,277103936,229519610,229512280,229001823,229001822,229001821",505
1284,"문산","경의중앙선",37.854619,126.788047,18.0,"229525810,229525540,229524700,229523700,229523690,229515810,229506240,229002871,229002815,229002809,229002808,229002444,229002336,229001417,229000291,229000290,229000289,229000288",506
1283,"파주","경의중앙선",37.815298,126.792783,7.0,"277103716,277103715,229000994,229000636,229000613,229000596,229000592",507
1282,"월롱","경의중앙선",37.796188,126.792587,6.0,"277103935,229001138,229001137,229001068,229000634,229000615",508
1280,"금촌","경의중앙선",37.766217,126.774644,6.0,"229002832,229001345,229000585,229000582,229000506,229000499",509
1279,"금릉","경의중앙선",37.751322,126.765347,5.0,"229001562,229001561,229001134,229000556,229000551",510
1278,"운정","경의중앙선",37.725826,126.767257,12.0,"229510400,229508070,229002371,229002362,229001622,229001579,229001297,229001296,229001130,229000962,229000957,229000956",511
1277,"야당","경의중앙선",37.712327,126.761356,10.0,"229525430,229525420,229525410,229002806,229002805,229001372,229000980,229000979,229000968,229000967",512
1276,"탄현","경의중앙선",37.694023,126.761086,7.0,"241500510,219001107,219000772,219000692,219000691,219000136,219000123",513
1275,"일산","경의중앙선",37.682077,126.769846,7.0,"274124118,274116143,219000500,219000312,219000301,219000064,219000061",514
1274,"풍산","경의중앙선",37.672346,126.786243,20.0,"219514620,219514510,219514480,219514470,219512420,219512330,219510000,219001069,219001058,219001055,219001054,219000921,219000912,219000638,219000608,219000606,219000581,219000172,219000171,219000154",515
1273,"백마","경의중앙선",37.658239,126.794461,4.0,"219500050,219000791,219000045,219000044",516
1272,"곡산","경의중앙선",37.645676,126.801762,4.0,"219513980,219513970,219001007,219001006",517
1271,"능곡","경의중앙선",37.618808,126.820783,7.0,"218512580,218001069,218000520,218000196,218000195,218000194,218000193",518
1270,"행신","경의중앙선",37.612102,126.834146,12.0,"218512230,218512220,218512210,218512200,218511900,218511210,218001038,218001037,218001036,218001035,218001019,218000463",519
1269,"강매","경의중앙선",37.612314,126.843223,23.0,"218515070,218513400,218513120,218512860,218512690,218512180,218512020,218511830,218511200,218511130,218506040,218001257,218001216,218001140,218001115,218001090,218001077,218001033,218001023,218001013,218000970,218000963,218000734",520
1268,"화전","경의중앙선",37.602888,126.868387,15.0,"277103091,277103090,274177962,274177960,218900095,218900094,218512560,218511560,218001067,218001002,218000648,218000647,218000540,218000538,218000302",521
1267,"수색","경의중앙선",37.580842,126.895611,5.0,"113000453,113000452,111000228,111000221,111000006",522
1265,"가좌","경의중앙선",37.568491,126.915487,22.0,"277104683,277104682,113900266,113900164,113000496,113000495,113000442,113000440,113000439,112900159,112900050,112900044,112900009,112000435,112000394,112000026,112000025,112000024,112000022,112000007,112000006,112000005",523
1263,"서강대","경의중앙선",37.551881,126.935711,19.0,"113900308,113900282,113900280,113900230,113900186,113900161,113900127,113900120,113900091,113900040,113900033,113900025,113900024,113000114,113000113,113000080,113000079,113000078,113000077",524
1252,"신촌","경의중앙선",37.557432,126.9397615,17.0,"113900138,113000426,113000419,113000417,112900226,112900186,112900184,112900125,112900041,112000436,112000433,112000392,112000128,112000127,112000063,112000062,112000059",525
1220,"지평","중앙선",37.476393,127.629874,2.0,"240000690,240000689",526
1219,"용문","중앙선",37.48223,127.594647,6.0,"240509520,240509510,240001128,240001127,240000999,240000134",527
1218,"원덕","중앙선",37.468672,127.547076,1.0,240000100,528
1216,"오빈","중앙선",37.506062,127.473868,0.0,,529
1215,"아신","중앙선",37.51382,127.443173,4.0,"240500010,240001218,240001206,240001030",530
1214,"국수","중앙선",37.516169,127.399367,3.0,"240001049,240000846,240000845",531
1213,"신원","중앙선",37.525545,127.372921,2.0,"240000024,240000015",532
1212,"양수","중앙선",37.545981,127.329098,3.0,"277101668,240000277,240000276",533
1211,"운길산","중앙선",37.554669,127.310115,4.0,"222001332,222001331,222001330,222001329",534
1210,"팔당","중앙선",37.547371,127.243939,5.0,"222001140,222001139,222000224,222000218,222000217",535
1209,"도심","중앙선",37.579622,127.222672,8.0,"222520630,222520620,222001740,222001739,222000271,222000270,222000265,222000264",536
1208,"덕소","중앙선",37.586781,127.208832,7.0,"222521420,222001934,222001799,222000861,222000762,222000281,222000276",537
1207,"양정","중앙선",37.60533,127.19364,3.0,"222001054,222000363,222000350",538
1206,"도농","중앙선",37.608806,127.161153,6.0,"222522350,222522340,222001885,222001884,222001321,222001320",539
1205,"구리","중앙선",37.603392,127.143869,25.0,"221507130,221507120,221507110,221507100,221507030,221506150,221505860,221505850,221500050,221500010,221000304,221000303,221000302,221000301,221000295,221000283,221000273,221000272,221000269,221000268,221000266,221000240,221000239,221000118,221000117",540
1204,"양원","중앙선",37.606596,127.107906,7.0,"106000321,106000320,106000259,106000258,106000236,106000235,106000234",541
1203,"망우","중앙선",37.59955,127.091909,7.0,"106000435,106000427,106000318,106000243,106000039,106000002,106000001",542
1201,"중랑","중앙선",37.594917,127.076116,5.0,"106000476,106000301,106000030,106000006,106000005",543
1030,"수서","분당선",37.487425,127.1016645,14.0,"122900080,122900079,122900021,122900007,122900002,122000624,122000623,122000303,122000302,122000301,122000297,122000296,122000295,122000294",544
1028,"대모산입구","분당선",37.491373,127.07272,9.0,"122900066,122900054,122000626,122000291,122000257,122000256,122000255,122000254,122000253",545
1027,"개포동","분당선",37.489116,127.06614,8.0,"122900053,122900013,122000362,122000252,122000251,122000250,122000249,122000248",546
1026,"구룡","분당선",37.486839,127.058856,7.0,"122000366,122000365,122000357,122000239,122000238,122000231,122000230",547
1025,"도곡","분당선",37.491073,127.055319,8.0,"122000618,122000342,122000229,122000225,122000129,122000125,122000117,122000116",548
1024,"한티","분당선",37.496237,127.052873,8.0,"122000228,122000227,122000206,122000205,122000162,122000149,122000119,122000118",549
1023,"선릉","분당선",37.504571,127.048505,9.0,"122000645,122000601,122000600,122000203,122000173,122000156,122000155,122000115,122000111",550
1022,"창동","경원선",37.6530475,127.04754,10.0,"109900173,109900139,109900135,109900079,109000375,109000180,109000179,109000148,109000147,109000061",551
1021,"녹천","경원선",37.644799,127.051269,11.0,"109900170,109900166,109900165,109000416,109000407,109000191,109000190,109000157,109000156,109000155,109000066",552
1020,"월계","경원선",37.633212,127.058831,8.0,"110000392,110000390,110000372,110000238,110000228,110000227,110000226,110000225",553
1019,"광운대","경원선",37.623632,127.061835,6.0,"110900071,110900038,110000235,110000186,110000179,110000178",554
1017,"신이문","경원선",37.601854,127.067325,4.0,"105900059,105000271,105000270,105000167",555
1016,"외대앞","경원선",37.596073,127.063549,6.0,"105900056,105000231,105000217,105000209,105000208,105000207",556
1015,"회기","중앙선",37.58946,127.057583,12.0,"274151607,105900053,105900027,105000234,105000233,105000183,105000039,105000038,105000034,105000033,105000013,105000011",557
1014,"청량리(서울시립대입구)","경원선",37.5803575,127.0464425,11.0,"105000447,105000446,105000442,105000407,105000402,105000228,105000199,105000198,105000028,105000016,105000015",558
1012,"응봉","경원선",37.549946,127.034538,9.0,"103900272,103900175,103900128,103900078,103900074,103900045,103900016,103900013,103000147",559
1011,"옥수","경원선",37.541065,127.0179705,4.0,"103900266,103900218,103900217,103900150",560
1010,"한남","경원선",37.52943,127.009169,14.0,"277103506,277103505,274197448,274197447,274000003,274000002,102000308,102000307,102000283,102000278,102000268,102000267,102000192,102000191",561
1009,"서빙고","경원선",37.519594,126.988537,5.0,"102000243,102000231,102000174,102000173,102000063",562
1008,"이촌(국립중앙박물관)","경원선",37.522361,126.9740695,7.0,"102000263,102000255,102000170,102000169,102000125,102000124,102000123",563
1007,"신도림","경부선",37.508874,126.891114,13.0,"118000002,116900271,116900161,116900130,116000602,116000599,116000576,116000361,116000360,116000016,116000015,116000002,116000001",564
1006,"영등포","경부선",37.515504,126.907628,12.0,"118900064,118000618,118000560,118000544,118000465,118000463,118000240,118000212,118000029,118000027,118000006,118000005",565
1003,"용산","경부선",37.529849,126.964561,14.0,"102900015,102000318,102000317,102000311,102000296,102000295,102000164,102000163,102000162,102000161,102000160,102000159,102000026,102000004",566
1002,"남영","경부선",37.541021,126.9713,13.0,"102900067,102900027,102900026,102900014,102000232,102000136,102000046,102000045,102000037,102000036,102000019,102000018,102000009",567
434,"남태령","4호선",37.463873,126.989134,4.0,"277103903,121000167,120000671,120000061",568
433,"사당","4호선",37.4767465,126.9815975,18.0,"277103537,277101688,274199855,121900214,121900204,121900180,121900044,121900009,121001325,121001324,121001315,121001314,121000473,121000166,121000165,120000059,119900083,119000302",569
432,"총신대입구(이수)","4호선",37.486263,126.981989,16.0,"121900258,121900170,121900120,121900057,121900024,121000532,121000311,121000304,119900196,119900184,119900075,119900044,119900022,119000286,119000092,119000091",570
429,"신용산","4호선",37.52917,126.967894,11.0,"102900015,102000311,102000296,102000295,102000164,102000161,102000160,102000159,102000026,102000004,102000003",571
427,"숙대입구(갈월)","4호선",37.54456,126.972106,18.0,"102900068,102900067,102900028,102900026,102900011,102000241,102000236,102000233,102000136,102000135,102000115,102000114,102000113,102000035,102000034,102000018,102000010,102000009",572
425,"회현(남대문시장)","4호선",37.558514,126.978246,12.0,"277102114,161000357,101000266,101000265,101000264,101000245,101000114,101000047,101000046,101000032,101000030,101000029",573
424,"명동","4호선",37.560989,126.986325,7.0,"161000355,101000325,101000319,101000234,101000116,101000051,101000050",574
423,"충무로","4호선",37.5613185,126.994076,9.0,"161000356,101000320,101000244,101000137,101000056,101000055,101000054,101000053,101000052",575
421,"동대문","4호선",37.5713085,127.0101085,9.0,"101000136,100900132,100900117,100000399,100000365,100000164,100000157,100000156,100000118",576
420,"혜화","4호선",37.582336,127.001844,13.0,"100900199,100900198,100900194,100900193,100900075,100900027,100000407,100000348,100000133,100000132,100000131,100000125,100000124",577
419,"한성대입구(삼선교)","4호선",37.588458,127.006221,16.0,"107900254,107900195,107900128,107900127,107900108,107900107,107900092,107900090,107900069,107900049,107900038,107000509,107000149,107000147,107000146,107000010",578
417,"길음","4호선",37.603407,127.025053,18.0,"107900283,107900281,107900180,107900165,107900149,107900101,107900087,107000239,107000153,107000152,107000151,107000150,107000036,107000035,107000034,107000033,107000004,107000003",579
416,"미아사거리","4호선",37.613292,127.030053,15.0,"108900245,108900171,108900168,108900167,108900085,108900049,108000369,108000339,108000189,108000173,108000172,108000012,108000011,107900100,107900086",580
415,"미아(서울사이버대학)","4호선",37.62667,127.025983,12.0,"108900267,108900266,108900265,108900163,108900105,108900098,108900096,108900091,108000166,108000165,108000164,108000007",581
414,"수유(강북구청)","4호선",37.638052,127.025732,24.0,"108900214,108900213,108900212,108900179,108900178,108900177,108900080,108900072,108900041,108505400,108000378,108000376,108000184,108000161,108000160,108000158,108000120,108000119,108000118,108000117,108000059,108000058,108000004,108000003",582
413,"쌍문","4호선",37.648627,127.034709,11.0,"109900131,109900130,109900116,109900086,109000218,109000173,109000172,109000041,109000040,109000016,109000015",583
410,"상계","4호선",37.660878,127.073572,14.0,"110900125,110900070,110900068,110900005,110000700,110000292,110000291,110000290,110000143,110000141,110000140,110000135,110000134,110000133",584
409,"당고개","4호선",37.670272,127.079066,7.0,"277102128,110000655,110000650,110000389,110000126,110000125,110000124",585
408,"별내별가람","진접선",37.66778,127.11581,11.0,"222519150,222001721,222001522,222001521,222001489,222001488,222001088,222001037,222000676,222000674,222000672",586
406,"오남","진접선",37.705,127.19281,8.0,"222001104,222001103,222000719,222000718,222000619,222000594,222000522,222000471",587
405,"진접","진접선",37.7205,127.2034,13.0,"222001909,222001908,222001556,222001555,222001383,222001382,222001366,222001365,222001364,222001363,222001092,222000695,222000685",588
341,"경찰병원","3호선",37.495918,127.12454,6.0,"123000528,123000524,123000291,123000288,123000287,123000286",589
338,"일원","3호선",37.483681,127.08439,9.0,"122900026,122900004,122900001,122000625,122000622,122000284,122000280,122000279,122000277",590
337,"대청","3호선",37.493514,127.079532,7.0,"122900069,122900067,122900065,122900062,122900028,122000346,122000293",591
336,"학여울","3호선",37.496663,127.070594,7.0,"122000644,122000643,122000627,122000611,122000137,122000135,122000133",592
335,"대치","3호선",37.494612,127.063642,8.0,"122000628,122000619,122000136,122000130,122000128,122000127,122000123,122000122",593
333,"매봉","3호선",37.486947,127.046769,9.0,"122900049,122900011,122000630,122000578,122000544,122000220,122000219,122000213,122000212",594
331,"남부터미널(예술의전당)","3호선",37.485013,127.016189,14.0,"121900233,121900226,121900137,121900026,121500100,121500090,121000524,121000297,121000290,121000082,121000081,121000080,121000033,121000026",595
330,"교대(법원.검찰청)","3호선",37.493493,127.0142265,11.0,"121900217,121900135,121900007,121001320,121000975,121000929,121000094,121000085,121000058,121000027,121000025",596
328,"잠원","3호선",37.512759,127.01122,5.0,"121900244,121900243,121900242,121900114,121900108",597
326,"압구정","3호선",37.527072,127.028461,6.0,"122000731,122000633,122000322,122000049,122000048,122000005",598
324,"금호","3호선",37.548034,127.015872,26.0,"105000466,105000451,103900245,103900244,103900194,103900168,103900140,103900139,103900137,103900135,103900134,103900021,103900007,103900006,103900003,103900002,103900001,103000507,103000506,103000285,103000123,103000066,103000065,103000059,103000057,103000056",599
322,"동대입구","3호선",37.559052,127.005602,9.0,"101000322,101000293,101000284,101000273,101000117,101000100,101000099,101000098,101000097",600
320,"을지로3가","3호선",37.566489,126.992122,7.0,"101000310,101000135,101000062,101000061,101000060,100000155,100000079",601
318,"안국","3호선",37.576477,126.985443,16.0,"100900212,100900189,100900144,100900131,100900092,100900086,100900081,100000410,100000370,100000369,100000346,100000345,100000104,100000103,100000076,100000036",602
317,"경복궁(정부서울청사)","3호선",37.575762,126.97353,15.0,"277103099,274108391,100900177,100900055,100000420,100000419,100000344,100000343,100000183,100000171,100000170,100000032,100000021,100000020,100000019",603
316,"독립문","3호선",37.574571,126.957748,16.0,"112900123,112900119,112900019,112900014,112000402,112000401,112000314,112000278,112000167,112000049,100900214,100900186,100900049,100000241,100000072,100000071",604
315,"무악재","3호선",37.582299,126.950291,9.0,"112000409,112000404,112000400,112000398,112000381,112000380,112000166,112000047,112000046",605
314,"홍제","3호선",37.589066,126.943736,14.0,"112900235,112900153,112900072,112000424,112000413,112000412,112000411,112000408,112000407,112000379,112000378,112000253,112000214,112000043",606
313,"녹번","3호선",37.600927,126.935756,11.0,"111900059,111000938,111000937,111000326,111000291,111000288,111000279,111000273,111000037,111000036,111000015",607
310,"구파발","3호선",37.636763,126.918821,18.0,"277101905,111001130,111001119,111001118,111001117,111001116,111000923,111000915,111000551,111000550,111000477,111000343,111000333,111000295,111000028,111000025,111000012,111000011",608
250,"용두(동대문구청)","2호선",37.574028,127.038091,11.0,"105000418,105000417,105000229,105000080,105000079,105000078,105000075,105000074,105000017,105000006,103900095",609
249,"신정네거리","2호선",37.520074,126.852912,15.0,"114900093,114900091,114900066,114900043,114900015,114900013,114000199,114000198,114000180,114000179,114000177,114000148,114000147,114000109,114000108",610
248,"양천구청","2호선",37.512398,126.865819,8.0,"114000439,114000429,114000106,114000098,114000097,114000089,114000084,114000083",611
247,"도림천","2호선",37.514287,126.882768,5.0,"118000606,118000336,116000600,116000357,116000196",612
245,"신답","2호선",37.57004,127.046481,14.0,"105900042,105000410,105000073,105000005,105000004,103900211,103900208,103900207,103900204,103900203,103000508,103000166,103000165,103000118",613
244,"용답","2호선",37.561904,127.050899,4.0,"103000145,103000133,103000126,103000125",614
242,"아현","2호선",37.557345,126.956141,17.0,"113900312,113900302,113900218,113900159,113000478,113000477,113000124,113000010,112900178,112900152,112900126,112900121,112900078,112000410,112000368,112000056,112000055",615
241,"이대","2호선",37.556733,126.946013,17.0,"113900278,113900229,113900228,113000418,113000411,113000119,113000118,113000117,113000116,112900187,112900185,112900184,112900183,112900055,112000369,112000058,112000057",616
235,"문래","2호선",37.517933,126.89476,12.0,"118900155,118900098,118900096,118900084,118900079,118900053,118900051,118000228,118000227,118000214,118000108,118000107",617
232,"구로디지털단지","2호선",37.485266,126.901401,15.0,"277102075,120000674,120000146,120000001,119000001,116900151,116900118,116900098,116900093,116000440,116000439,116000372,116000138,116000014,116000013",618
231,"신대방","2호선",37.487462,126.913149,10.0,"120000446,120000438,120000435,120000427,120000422,120000123,120000122,119900242,119000115,119000114",619
229,"봉천","2호선",37.482362,126.941892,12.0,"120900178,120900177,120900077,120000454,120000428,120000426,120000412,120000395,120000394,120000156,120000020,120000007",620
228,"서울대입구(관악구청)","2호선",37.481247,126.952739,15.0,"120900050,120000456,120000434,120000429,120000407,120000406,120000397,120000396,120000228,120000150,120000038,120000037,120000032,120000022,120000005",621
227,"낙성대","2호선",37.47693,126.963693,12.0,"120900189,120900119,120900093,120900034,120900029,120900017,120900011,120900007,120000025,120000024,120000003,120000002",622
225,"방배","2호선",37.481426,126.997596,17.0,"121900269,121900264,121900259,121900188,121900118,121900113,121900035,121000516,121000313,121000312,121000307,121000173,121000171,121000170,121000157,121000156,121000153",623
224,"서초","2호선",37.491897,127.007917,10.0,"121900289,121900221,121900191,121900125,121900123,121001329,121001328,121000300,121000060,121000059",624
221,"역삼","2호선",37.500622,127.036456,9.0,"277102188,122000605,122000604,122000201,122000185,122000180,122000179,122000178,122000177",625
219,"삼성(무역센터)","2호선",37.508844,127.06316,20.0,"122900038,122900032,122900031,122000736,122000735,122000676,122000632,122000597,122000582,122000356,122000330,122000148,122000141,122000139,122000098,122000096,122000095,122000094,122000093,115000618",626
217,"잠실새내","2호선",37.511687,127.086162,9.0,"123000562,123000504,123000503,123000440,123000396,123000366,123000069,123000053,123000052",627
215,"잠실나루","2호선",37.520733,127.10379,2.0,"123000040,123000036",628
214,"강변(동서울터미널)","2호선",37.535095,127.094681,17.0,"277101942,277101909,104900129,104900104,104900103,104900099,104900097,104900077,104900038,104000289,104000288,104000280,104000279,104000277,104000276,104000183,104000069",629
213,"구의(광진구청)","2호선",37.537077,127.085916,9.0,"104900092,104900019,104900014,104000291,104000106,104000083,104000082,104000056,104000055",630
211,"성수","2호선",37.544581,127.055961,10.0,"103900298,103900257,103900233,103900215,103900083,103900048,103900044,103000512,103000181,103000138",631
210,"뚝섬","2호선",37.547184,127.047367,8.0,"103000140,103000139,103000137,103000136,103000135,103000134,103000081,103000080",632
209,"한양대","2호선",37.555273,127.043655,4.0,"103000513,103000505,103000031,103000030",633
207,"상왕십리","2호선",37.564354,127.029354,9.0,"103900198,103900197,103900114,103000509,103000150,103000016,103000015,103000005,103000004",634
202,"을지로입구","2호선",37.566014,126.982618,17.0,"277104376,161000470,161000469,161000358,161000349,101000312,101000311,101000303,101000277,101000246,101000148,101000141,101000119,101000058,101000057,101000041,101000040",635
201,"시청","2호선",37.5646515,126.9762495,19.0,"277104283,161000511,161000472,161000468,161000352,101900011,101900008,101000317,101000301,101000290,101000279,101000276,101000227,101000038,101000037,101000036,101000035,101000034,101000033",636
157,"제기동","1호선",37.578103,127.034893,7.0,"105000555,105000554,105000482,105000481,105000475,105000023,105000022",637
154,"종로5가","1호선",37.570926,127.001849,23.0,"277104578,101000123,101000122,100900191,100900107,100000405,100000396,100000395,100000394,100000358,100000338,100000337,100000120,100000117,100000116,100000112,100000111,100000110,100000109,100000101,100000083,100000082,100000081",638
152,"종각","1호선",37.570161,126.982923,26.0,"101000313,101000141,101000119,101000040,100900211,100900116,100900106,100000389,100000388,100000387,100000386,100000333,100000332,100000331,100000330,100000169,100000106,100000105,100000096,100000095,100000094,100000093,100000092,100000091,100000078,100000077",639
